AAPL,AAPL_VOL,XOM,XOM_VOL,JNJ,JNJ_VOL,JPM,JPM_VOL,PG,PG_VOL,CAT,CAT_VOL
24.1995849609375,190362400,49.85628128051758,14460500,77.00750732421875,8321900,50.00763320922852,18869300,59.967750549316406,9105800,51.06264877319336,5311500
24.17703628540039,131157600,50.1079330444336,13855800,77.86417388916016,5581600,50.11442565917969,12149500,60.46147918701172,9872200,53.543758392333984,9697200
24.488176345825195,130629600,51.74702072143555,15184200,78.45550537109375,5531700,50.91559600830078,12524500,60.70453643798828,8254600,54.7021598815918,7586300
24.357406616210938,54281600,51.19206237792969,5848300,78.6298599243164,2546300,50.816402435302734,4468200,60.60580825805664,2498000,54.302982330322266,2322100
24.084592819213867,106816800,50.811336517333984,9715800,78.25080108642578,4063000,50.64854431152344,6610600,60.70453643798828,4150000,53.67683792114258,3884000
24.51749420166016,123724800,51.08235549926758,8839000,78.8648681640625,4230000,51.17501068115234,9820800,61.03876876831055,4406100,54.15426635742188,3539500
24.197324752807617,100855200,50.40478897094727,9314600,78.67534637451172,3847800,50.80878448486328,7190700,60.8184700012207,3793200,53.76293182373047,3158500
23.73286437988281,163649200,50.30152130126953,10285500,77.87176513671875,4592600,50.38148880004883,14654300,60.31717300415039,5077700,53.19156265258789,4356400
23.753154754638672,270597600,49.985328674316406,20400100,76.17362976074219,12722800,48.86827850341797,25393200,59.52720642089844,11529800,53.21504211425781,8586900
23.157915115356445,223164000,50.41124725341797,11993500,76.49202728271484,6467200,48.95278549194336,16566700,59.71709060668945,8133700,52.659324645996094,6139100
22.70471954345703,273829600,49.991790771484375,18826900,76.10540771484375,7733800,48.24609756469727,22961500,59.13983154296875,9551000,51.82968521118164,6639300
21.746477127075195,324377600,49.19160461425781,21263800,75.2184066772461,9433100,46.2950553894043,27630900,58.62332534790039,11973900,50.04515075683594,8601500
21.861467361450195,283192000,48.19783020019531,19033600,74.41482543945312,9766700,45.258087158203125,22373300,57.704246520996094,9676400,49.53640365600586,8278500
22.2154541015625,198957600,47.552547454833984,21353000,73.96756744384766,8151400,45.18894958496094,20925500,58.235939025878906,10209200,48.11190414428711,9669400
22.53787612915039,196616800,48.52695083618164,21864100,74.47547912597656,6745000,45.28880310058594,22971600,58.11441040039063,8774700,48.21364974975586,8593100
21.958415985107425,249758400,48.81732940673828,26052700,73.55059814453125,8290700,44.04444122314453,28808100,57.61310958862305,9310100,47.657958984375,7237300
22.438671112060547,252680400,51.05654144287109,33806700,74.96825408935547,10164300,44.70502471923828,31296300,57.84098434448242,12835100,48.738059997558594,9241800
21.89980125427246,319335600,50.06277847290039,28342100,73.5354232788086,12662200,43.81400680541992,38131700,56.9522819519043,17023900,47.4463119506836,12674500
21.79382705688477,212350800,49.30131912231445,22684500,73.91447448730469,12457800,43.79095458984375,22818900,58.281517028808594,13457300,46.78061676025391,8501100
21.82314109802246,289337600,47.223426818847656,33300800,72.58779907226562,12685200,42.63875579833984,34646100,58.09994888305664,17795000,46.60626602172852,10857700
21.712661743164062,208646000,47.81709671020508,22265600,72.73188018798828,11266400,42.439056396484375,31301100,58.781829833984375,12712900,47.30366134643555,8798300
22.867061614990234,263202000,49.4110107421875,22530300,73.34591674804688,8380000,43.74486923217773,22732200,59.27221298217773,9465800,48.325965881347656,7815600
22.42064094543457,207178000,47.73967361450195,17086600,73.08060455322266,9350200,42.75399017333984,21114400,58.88144302368164,9870400,45.89302062988281,10971500
22.544641494750977,300308000,49.494903564453125,18724700,76.70427703857422,17266600,43.84473419189453,17535700,60.38317108154297,16374800,46.88363265991211,8141900
21.063304901123047,533478800,48.58502960205078,18106100,77.44720458984375,19330500,43.81400680541992,20560000,60.375518798828125,10816100,46.21795272827149,11013800
21.2143669128418,222715200,49.68204116821289,16157700,77.53062438964844,12789500,43.99835586547852,15497900,61.15702438354492,9895100,48.40521240234375,13567000
21.947141647338867,257666000,50.23699951171875,25161900,79.17568969726562,15614600,45.70358657836914,26992200,62.58979797363281,19895000,49.324501037597656,8221000
21.74197006225586,163774000,49.2303352355957,16754200,79.12261962890625,9803700,45.21199417114258,16807900,62.1530647277832,9657200,49.68905258178711,5955700
21.30230712890625,149428800,48.133296966552734,21404200,78.39485168457031,10616300,43.80632019042969,22448200,61.46350860595703,9116400,48.08029174804688,6282300
21.72393226623535,183857200,50.6435432434082,25873700,78.94824981689453,10168600,44.09820175170898,31543200,62.137725830078125,10149600,50.14077377319336,8332100
21.898481369018555,185886800,51.51470947265625,23658700,78.76631927490234,10389000,44.85865783691406,21651300,61.83126831054688,8295100,52.272560119628906,12598000
21.31361961364746,185672400,51.67603302001953,26719900,76.2191162109375,15522200,44.359371185302734,22001300,62.21436309814453,9957600,52.399356842041016,7463700
21.53804397583008,216085600,52.37297058105469,26601200,77.32592010498047,14323800,43.42993927001953,28267600,63.30232620239258,16530200,51.178932189941406,6315500
21.533506393432617,177324800,52.145057678222656,18418100,77.30316925048828,10044500,43.16876220703125,26300000,63.31768035888672,14308900,50.6638069152832,5638500
21.370288848876957,169374400,51.66970443725586,16610900,77.12124633789062,9833100,42.64644241333008,22389600,62.53615951538086,10585400,49.24525833129883,5955400
21.241077423095703,200298800,51.8325080871582,19331600,77.0984878540039,12465800,40.764530181884766,44334700,61.21831893920898,12343900,48.666748046875,7055000
21.306814193725582,161405600,52.763648986816406,16767200,77.1894760131836,9035000,44.15964889526367,37011400,62.05345153808594,9306100,50.04567337036133,4297400
21.907548904418945,196231600,52.887393951416016,15912200,77.56851959228516,10452800,44.82024383544922,23730700,62.42124557495117,9352600,51.678199768066406,4819400
22.24306297302246,179452800,53.39529800415039,17006700,77.7049789428711,8904000,45.14286422729492,21580100,63.17208099365234,10892900,53.30278778076172,7373800
21.8214111328125,156084000,53.68831634521485,14873700,79.0240707397461,10744600,44.40546798706055,17037800,62.81198501586914,7702600,52.399356842041016,6175500
21.77153778076172,141496800,53.72087478637695,13615900,79.53565979003906,9343300,44.41313552856445,15658200,62.66641998291016,7709600,51.8446159362793,4994900
21.96195602416992,137123200,53.64923858642578,14595200,79.9862060546875,6947000,44.98924255371094,14882800,62.92691421508789,6916500,53.342411041259766,5787700
21.465499877929688,127770400,52.8939094543457,11041600,79.4745864868164,6629200,43.10731506347656,31772500,62.68172454833984,5840600,52.129920959472656,5599400
21.785139083862305,145022800,53.08273315429688,13777500,80.14655303955078,9076100,43.1226921081543,25560100,62.49016189575195,6759800,52.20916748046875,6439200
21.93476104736328,110330800,53.401817321777344,13706400,81.2308349609375,8092500,43.79095458984375,14473300,63.087799072265625,6789700,52.676734924316406,4277200
21.96875762939453,115964400,53.23249816894531,14343300,80.77267456054688,9049400,44.19806671142578,20947500,62.137725830078125,9281100,52.99374008178711,4149800
21.91888427734375,140865200,52.19063186645508,18903600,80.33746337890625,10111100,43.24559020996094,19554100,61.517127990722656,11065300,53.651485443115234,8643200
22.789384841918945,201628400,52.92647171020508,15730600,81.87225341796875,8298500,45.4731559753418,23958100,62.23736190795898,9483900,54.753047943115234,4451600
22.839250564575195,132678400,53.85110855102539,14094400,81.73479461669922,9767000,45.9033088684082,20943100,63.24869537353516,12096600,54.98287582397461,4801300
23.00927734375,147822800,53.65574264526367,13216200,81.43701934814453,6927200,46.05693435668945,15790600,63.47088623046875,8747100,56.861061096191406,7172700
23.351585388183597,184220400,53.584129333496094,18402700,81.32246398925781,6715700,46.126068115234375,18459000,63.96892547607422,9406700,57.72488021850586,9521500
23.093149185180664,143315600,54.99713897705078,18945600,81.50575256347656,6973500,46.04157638549805,12832400,63.67012405395508,6792400,59.254390716552734,10740400
22.90272521972656,126247600,53.80552291870117,14003900,81.10868072509766,7632900,45.15053939819336,14132900,63.63947296142578,7788400,56.8452262878418,8748400
22.923141479492188,108806800,53.65574264526367,14139300,81.58209991455078,7564200,45.41169738769531,13238800,63.56285095214844,8954800,56.9561767578125,4907900
22.934465408325195,134054400,53.51250457763672,15898300,81.81117248535156,10474700,45.019962310791016,21139200,63.04182434082031,10385600,56.552001953125,6352400
23.18157196044922,109632800,53.519004821777344,15370200,82.24644470214844,7763800,45.58069610595703,21055000,62.635780334472656,11109500,57.69319915771485,4787000
23.240497589111328,100304400,53.66227722167969,13344600,82.20823669433594,7242800,45.41169738769531,13436100,62.19138717651367,12389300,57.63771438598633,5060000
23.70749282836914,160270800,53.92925643920898,9213000,82.28461456298828,8476600,45.4731559753418,10910500,62.29863739013672,9297800,57.40788650512695,4674400
24.02259063720703,153214000,53.961795806884766,11492100,82.0173568725586,7065100,45.258087158203125,17423900,62.32162857055664,9490300,58.91362380981445,6641200
23.984054565429688,137682800,54.76272964477539,13673900,81.50575256347656,8571100,45.12749481201172,19405700,63.40194320678711,12061500,60.1498908996582,13316000
24.011255264282227,176820800,54.82783889770508,19637000,82.0860824584961,14758300,46.45636749267578,29570200,63.708404541015625,33635200,59.809120178222656,13750200
24.00899314880371,142010800,54.450172424316406,8385400,81.9180908203125,7674700,46.44099426269531,12684400,63.83866882324219,8625600,60.14199066162109,4315700
24.192607879638672,129777600,54.7757453918457,13005100,81.99445343017578,7821700,46.272010803222656,12042700,63.39430618286133,7205900,59.87254333496094,3625600
24.058862686157227,102814000,54.53482818603516,12748900,82.84963989257812,8191300,46.04157638549805,11658700,63.45558166503906,5594600,58.39056396484375,5352900
23.95458602905273,104532000,54.68457794189453,9368300,82.7045669555664,6284500,45.68822860717773,12921200,63.50920867919922,6645700,59.66648864746094,7036100
23.84577751159668,77645600,54.84087371826172,7490400,82.64348602294922,4738100,45.62678909301758,11159700,63.30232620239258,4988500,59.69027328491211,3425400
24.41023826599121,124760400,55.04272079467773,9977900,83.33836364746094,6612800,45.34257125854492,15933400,63.44027328491211,6731400,60.23706817626953,4085000
24.83641815185547,182404400,55.03623580932617,10807000,83.2161865234375,5248200,45.86489486694336,13307100,63.34831619262695,6925400,60.63330459594727,4886800
24.707195281982425,103553600,54.430641174316406,13896900,82.62057495117188,8167700,45.4885139465332,14904700,63.064823150634766,6819200,60.65709686279297,4348700
24.933895111083984,103496000,54.02040863037109,12235300,83.37654113769531,9043200,45.98779678344727,15417500,63.99956130981445,8028600,60.85519409179688,4878300
25.1900577545166,149424800,54.150634765625,8050200,82.91840362548828,10668900,45.80982208251953,12305000,63.754390716552734,5593400,60.00724792480469,4349500
24.893085479736328,106314800,53.53203582763672,10446800,83.1932601928711,7939000,45.15983200073242,12886600,63.71610641479492,5259100,59.62686538696289,4386800
25.15378761291504,105616400,54.24831008911133,9320200,83.55215454101562,6828700,45.50804138183594,12167900,64.214111328125,6292100,59.61101150512695,4929800
24.60519790649414,127207600,53.63623046875,8267100,83.43763732910156,7822900,44.35505294799805,19226800,63.77736282348633,6655900,58.77889251708984,4800800
24.632396697998047,94326800,54.18318939208984,9376200,83.30780792236328,6301600,44.68004989624024,13547700,63.74673080444336,5453000,58.92155456542969,4911000
24.714000701904297,117630000,54.25482940673828,9925000,83.20852661132812,6823900,45.03600311279297,17627800,63.386627197265625,7081500,59.1434440612793,3904800
25.035903930664062,108929200,54.9255256652832,9986100,83.68962097167969,8412300,45.87173843383789,17779200,63.46323013305664,7081600,60.30840301513672,5129600
25.39862060546875,133029200,55.23808288574219,9235700,83.8957748413086,5758300,47.814002990722656,37516800,63.17977523803711,11738600,62.70964431762695,9365700
25.41221809387207,101895600,55.628787994384766,10625800,83.87285614013672,4457100,48.43306350708008,24249900,63.34970474243164,6904400,62.646240234375,5372300
24.902162551879883,187756000,55.3292350769043,11280200,84.13250732421875,10057900,47.87591552734375,19290700,63.57373046875,7299300,62.7413330078125,5508500
24.36490249633789,243286000,55.85669708251953,9097000,84.70518493652344,7772500,48.18543243408203,13813100,63.98310089111328,5628000,62.80473327636719,4822200
24.235685348510746,129539600,56.13667297363281,10354500,86.04147338867188,10526400,48.99794006347656,19255600,64.33071899414062,6606100,63.70818328857422,6283500
24.28554916381836,122444000,56.52085494995117,15247100,86.72872161865234,8213400,49.7098388671875,14594400,62.99436569213867,9124200,63.19306182861328,5356800
24.02259063720703,126210000,56.51436233520508,12075300,86.7210693359375,7884500,49.214603424072266,15395800,62.41502380371094,8802100,62.94499969482422,6509100
23.95685386657715,134732400,56.9962272644043,9150800,86.53018188476562,7508700,49.500919342041016,12444700,62.530879974365234,8027700,62.67292404174805,10099600
23.820831298828125,112126400,56.86598205566406,8076400,86.67525482177734,6139900,49.214603424072266,10687200,62.8862190246582,7672800,61.44855880737305,8079800
23.65534782409668,224064800,57.06134796142578,9425900,86.21708679199219,5853600,49.469970703125,12048000,61.44944381713867,13742300,62.13676452636719,6085900
22.175048828125,458408400,57.60179901123047,10463500,86.11019897460938,5759300,49.609256744384766,15284100,61.71207809448242,7689700,62.96099090576172,4459300
21.49724006652832,328970800,57.32178115844727,11276200,85.88877868652344,6640000,49.214603424072266,12852500,61.61163711547852,7615900,62.21678924560547,4844600
21.250146865844727,274126000,57.562721252441406,17885900,85.58330535888672,7774500,48.90507888793945,16376400,61.88973236083984,9391000,62.19280242919922,7702700
21.22747039794922,192640400,58.0380744934082,10273700,86.09492492675781,5178800,49.361629486083984,10247300,62.54634475708008,7862600,62.288818359375,3330100
21.576580047607425,227325200,57.37389755249024,10137400,86.04913330078125,7554500,48.40985107421875,19120300,62.64674758911133,7617500,61.10450744628906,4790900
21.35215759277344,164102000,57.26318359375,10601100,85.69021606445312,5214600,47.64377212524414,17030200,63.032997131347656,7365900,59.40803146362305,6938100
21.26548385620117,143562000,57.32830047607422,8721100,86.1941909790039,5404300,47.38839721679688,14033900,62.80125427246094,6399500,58.24771881103516,8071200
21.146896362304688,174799600,57.63434600830078,7968400,86.08729553222656,6099900,47.66697692871094,11057900,63.44240188598633,6297200,58.70384216308594,6942800
21.162857055664062,131745600,57.673431396484375,11159500,86.83557891845703,6512700,47.36519241333008,11197100,63.434661865234375,6718800,56.639278411865234,9405000
21.306541442871094,134747200,58.59807968139648,12509100,87.56102752685547,8356400,48.007469177246094,11897200,63.7127799987793,6222400,58.02367782592773,6507300
21.098997116088867,114876400,58.31572723388672,11660200,87.33191680908203,6680700,47.8294677734375,11254000,63.45782852172852,5975000,57.95963287353516,4691900
20.60407447814941,305258800,58.88043594360352,10720500,87.22502899169922,7156300,47.79853057861328,11071700,63.65869903564453,4925000,57.375484466552734,4526500
20.64512825012207,177571200,58.21723175048828,9721100,86.71343994140625,6779900,47.357452392578125,15122300,62.74718475341797,6579000,56.071136474609375,6417200
21.411455154418945,245039200,58.81476974487305,8638700,87.38540649414062,6222900,47.7134017944336,10951300,63.05615615844727,6497200,56.57525253295898,4515900
21.322507858276367,187667600,58.78849792480469,9835600,86.91960906982422,9233900,47.7134017944336,12180900,62.2759895324707,10188200,56.85535430908203,4841900
21.566539764404297,168249600,58.670318603515625,9680300,86.736328125,8267900,49.55508804321289,24007100,61.6811637878418,8344100,56.48723602294922,5166000
21.48444175720215,121768400,59.16937255859375,14397900,86.17129516601562,8232200,49.05211639404297,16076200,61.94382095336914,6242500,55.55900192260742,6137100
21.717079162597656,128104000,58.9263916015625,13191900,86.62503051757812,7435200,49.14497375488281,11862000,61.81248474121094,6526800,55.91109085083008,5731600
21.993038177490234,152074400,58.834468841552734,11766100,86.25588989257812,6462300,49.10628128051758,9347500,61.95153427124024,5620600,56.33520126342773,4002000
22.328304290771484,140560800,58.88043594360352,10056600,86.66349029541016,6125300,49.9420051574707,13839400,62.54634475708008,6293300,56.88735580444336,3872400
22.72059440612793,152675200,59.26784133911133,9578400,87.17103576660156,5453800,50.70032501220703,18935200,62.94029235839844,6049800,58.07167434692383,5035400
22.90077018737793,225324800,58.96580505371094,7867900,86.8249740600586,3973600,50.32115936279297,9428400,62.73944091796875,4622300,57.67958450317383,4146400
22.8870849609375,145364800,59.10368347167969,7505900,86.9480209350586,4647000,50.63068771362305,10116000,62.901668548583984,4322200,57.58353805541992,3002100
22.775331497192383,169228800,58.45361328125,13178800,86.66349029541016,10104700,50.50687026977539,15139400,62.60041427612305,6705000,58.02367782592773,4072600
22.45602798461914,116693200,58.59807205200195,7994800,86.73267364501953,4748900,50.83188629150391,14031000,63.17977523803711,6184100,57.83160781860352,2699900
22.287254333496094,160766400,58.131866455078125,9837500,88.04774475097656,7310800,50.92473220825195,10637600,63.3033561706543,5186300,58.91191482543945,4615300
22.33287048339844,114019600,58.02678680419922,9367100,88.25540161132812,6881700,50.019378662109375,20261700,63.70502471923828,6306700,60.04822540283203,6619300
22.49479484558105,93170000,58.66374206542969,8573000,89.03213500976562,6349400,50.51461410522461,13193500,63.9367561340332,5292300,61.15249633789063,4775100
22.586030960083008,89638000,59.56334686279297,12889100,89.00138854980469,6417400,50.344383239746094,9924100,63.58915710449219,6327500,61.46458053588867,4235200
22.56550407409668,83392400,59.61586380004883,9983000,89.0551986694336,5863800,50.491397857666016,9428000,63.84408950805664,4712600,62.504878997802734,5987800
22.727434158325195,106405600,59.53704833984375,8974300,89.97806549072266,7375500,50.10449600219727,10817800,64.24577331542969,6144900,61.74467468261719,3784600
22.540416717529297,126851600,59.08398818969727,10353800,89.98573303222656,6067400,49.40032196044922,16678400,64.2689208984375,6840800,60.840431213378906,4879500
22.200580596923828,152082000,59.48452758789063,11370000,89.81654357910156,7940900,48.959251403808594,14314900,63.78229141235352,6167400,60.20025634765625,4086700
22.227951049804688,127727600,59.37946701049805,10161000,90.0703353881836,6378400,48.03841400146485,19509300,64.3847885131836,6868600,59.90415573120117,4058400
22.154970169067383,117780800,59.20218276977539,10655800,89.52429962158203,6371400,47.95329666137695,16982100,64.0758056640625,7082200,60.072208404541016,3802000
22.24848747253418,125307200,59.898216247558594,12824800,89.70118713378906,6664300,48.146759033203125,16791200,64.43114471435547,6630100,60.00819778442383,4064800
21.742164611816406,244032800,59.56989669799805,17483200,88.80914306640625,10702200,48.19316864013672,15751500,64.21484375,11741700,60.76041030883789,5442000
21.689706802368164,137647600,59.83254623413086,9388500,89.62430572509766,5588200,48.262821197509766,12213200,64.14532470703125,6164300,61.1605110168457,4090800
21.874441146850582,142185600,60.101783752441406,8557500,89.3474349975586,5493500,48.71162414550781,11611600,64.43114471435547,6594700,61.20852279663086,3292100
21.79233741760254,116876400,59.86538696289063,8785400,89.5627670288086,5833800,48.52591323852539,12643500,64.55471801757812,4940100,61.1605110168457,3056800
21.91777992248535,128960800,60.27906036376953,9464500,90.2702865600586,6775900,49.56283950805664,16583600,65.04911804199219,7361300,62.59291076660156,3600800
21.30198097229004,301245600,58.69657897949219,20010500,88.9244384765625,13939500,46.11935043334961,44108700,63.54281234741211,12401100,58.43979263305664,12179500
20.99180030822754,181958400,58.34854888916016,14169400,89.6319808959961,10877400,44.57946395874024,37300700,62.74718475341797,9601800,57.11940383911133,7337400
21.34531593322754,161779600,59.69465637207031,13254300,90.92396545410156,10089600,46.05743408203125,29088700,63.697296142578125,9257100,58.03166961669922,4743700
21.530054092407227,146124000,60.7124252319336,13920600,91.76993560791016,8341500,47.357452392578125,21483000,64.81739044189453,7927500,59.4000358581543,4015400
21.803741455078125,143345600,61.55292510986328,14073700,93.28494262695312,11559900,48.0848388671875,21343600,65.40447235107422,10969300,60.66438293457031,4695500
21.86988067626953,104106000,61.61858367919922,9946300,93.27725219726562,7051400,47.77289581298828,14217800,65.48944854736328,9531100,61.17652130126953,4630100
21.664613723754883,110820800,61.080169677734375,10744100,94.03089904785156,9334100,46.43938064575195,23357700,65.99923706054688,11403100,59.52007675170898,4776300
21.78777313232422,123796400,61.78276443481445,13144400,94.31544494628906,9332400,46.93846893310547,20429800,65.68253326416016,8356500,59.88018035888672,3740500
21.881290435791016,100558400,61.040748596191406,12240700,94.21551513671876,6058700,47.24261093139648,13771400,65.52803039550781,7905700,60.05619430541992,3080900
22.0500602722168,115648400,61.42158889770508,9807600,94.47696685791016,6129900,48.217403411865234,16998800,66.25414276123047,6827300,61.912715911865234,5491500
22.118492126464844,95179600,61.65143203735352,8335700,94.53848266601562,6711600,48.5605354309082,13151400,66.23872375488281,6156800,62.25682067871094,4511300
22.21883201599121,96670000,62.34745407104492,9870800,94.53079223632812,6415900,49.28578567504883,16588100,66.23872375488281,6649800,63.85724639892578,5545800
22.093393325805664,103568800,62.301490783691406,9458200,94.59230041503906,5230800,49.25460052490234,18526900,66.34685516357422,7572100,63.76921081542969,5162500
22.531295776367188,155676000,62.34745407104492,9293500,94.7307357788086,5322700,50.00324249267578,28985900,66.33138275146484,11342600,64.06531524658203,5441700
22.52901077270508,120548000,62.459083557128906,10334500,94.59230041503906,7192800,50.05002212524414,17607100,66.43952941894531,8491300,64.57743835449219,4642100
22.768489837646484,145975600,62.26208114624024,9865900,94.69995880126952,6599200,49.87846374511719,10824400,66.37775421142578,4781300,64.4885482788086,4136700
22.777610778808597,95119600,62.03227615356445,5901800,96.32266235351562,11325700,49.80048370361328,9737400,66.56314086914062,6078200,64.42391967773438,3308400
22.79813575744629,105104000,61.67769241333008,7383800,96.23806762695312,7334600,49.85507583618164,10411100,66.4229736328125,6289000,64.38355255126953,4185500
22.67726325988769,130808000,61.62515640258789,6854600,96.24575805664062,5492600,49.66790771484375,9808700,66.37629699707031,5407000,64.6420669555664,6472300
22.50164604187012,113254800,61.730228424072266,7139700,96.15345001220705,5839200,49.94085693359375,8195700,66.73440551757812,6165600,64.13306427001953,4133800
22.200580596923828,161531600,60.54172134399414,10845900,96.04578399658205,4880600,49.80828094482422,8168300,66.79670715332031,5605300,63.57561492919922,5798100
22.047775268554688,224959200,60.101783752441406,12143500,96.24575805664062,5589900,50.01102828979492,8067800,66.38410186767578,5379300,66.85577392578125,11007600
23.48007583618164,369379200,59.69465637207031,10037900,95.95349884033205,4812600,50.167022705078125,11806800,65.75348663330078,7744700,67.94646453857422,8460900
23.797096252441406,159479200,59.22845077514648,12439200,95.71510314941406,4320400,49.98764801025391,10013400,66.0259780883789,5911600,66.99310302734375,5065600
23.76744270324707,110934800,58.40766143798828,23928100,96.30730438232422,7020900,49.886260986328125,13210400,66.63320922851562,7520900,66.86385345458984,4274200
24.187101364135746,152671600,56.37865447998047,22908400,96.43800354003906,4615100,49.75368118286133,11422600,67.27159118652344,10420600,66.20942687988281,3377100
23.82902336120605,135266400,57.15346145629883,18919200,96.01500701904295,7158700,49.636714935302734,13550000,67.54407501220703,13083200,65.63582611083984,3909500
24.127805709838867,120810400,57.44895935058594,14632900,95.28445434570312,5310600,50.42435073852539,13122300,66.9290542602539,8192100,66.2740707397461,3101700
24.27684783935547,109634800,57.4424057006836,13451400,95.25370025634766,4728200,50.34636688232422,9873000,66.9913330078125,5564100,66.06401062011719,2407500
24.646041870117188,162213600,57.49493789672852,9617300,95.54591369628906,5146900,51.70329284667969,20752700,66.78112030029297,6729700,66.70227813720703,3286100
24.850122451782227,112148800,58.1712646484375,10492700,95.0921859741211,5232500,51.54731750488281,11359200,66.76555633544922,5388200,67.41325378417969,3544800
24.951017379760746,105260800,58.24349212646485,9654600,94.92301940917967,3941500,51.36796188354492,10097000,66.94464111328125,4158800,66.92042541503906,2314900
24.765275955200195,96034000,57.22362518310547,12714800,94.8691635131836,4333500,50.90784454345703,11556100,67.1937255859375,5981400,66.77496337890625,2290300
24.749223709106445,109938000,57.42894744873047,11616000,95.1844711303711,4052000,51.048221588134766,9604500,67.5207290649414,7387100,67.25165557861328,2229300
24.806549072265625,74641600,58.1772575378418,9986900,94.76151275634766,4234800,50.93903350830078,7685400,67.76207733154297,8063400,67.05776977539062,4342800
25.104656219482425,103472800,58.15077590942383,6432600,94.06166076660156,6469500,51.25098419189453,8371600,67.74649810791016,6871200,67.98686218261719,4056000
25.081722259521484,135177600,58.223628997802734,6817900,92.5389404296875,11289100,51.24316787719727,10128900,67.40394592285156,8071100,68.09999084472656,3161800
25.04503059387207,101424000,58.34944534301758,7104600,93.2926254272461,10442800,51.383548736572266,11868100,67.69976806640625,6762100,68.19693756103516,2983400
25.0129337310791,87938800,58.879241943359375,10342700,92.83890533447266,8728000,51.43035125732422,9313600,68.07347869873047,7082800,67.36477661132812,5003100
25.077133178710938,101472400,58.14413070678711,8615300,92.83889770507812,7798300,51.360164642333984,9084900,67.9722671508789,6199900,67.73643493652344,3823900
24.882226943969727,103280800,58.26997375488281,8235400,92.22731018066406,6544900,51.31336212158203,9055600,67.61414337158203,5921100,67.534423828125,2885000
24.960189819335938,85030800,58.091190338134766,6514800,92.46728515625,5603200,51.28997039794922,8949600,68.04234313964844,5420100,67.87379455566406,3178400
24.77215385437012,94700400,58.289833068847656,7985400,91.90215301513672,6303900,51.43035125732422,10167200,67.9722671508789,5713300,67.178955078125,2200600
24.666667938232425,100344800,57.91899490356445,6935300,91.7937469482422,5566000,51.52391815185547,9978700,68.43161010742188,10595500,66.9284896850586,3082900
24.5222110748291,111065200,57.79317092895508,6474400,92.1576156616211,6482700,51.640899658203125,14038600,68.18242645263672,16408200,66.7830810546875,3596800
24.49468994140625,99881200,58.17064666748047,7027200,92.83889770507812,5074900,52.21018981933594,14583100,68.74300384521484,8934500,67.1385498046875,2253600
24.306655883789062,99455600,57.958740234375,6441100,92.49051666259766,3820500,52.639102935791016,13791200,68.15132904052734,11619400,66.63763427734375,3468700
24.32958984375,118649600,57.70705795288086,12491400,92.389892578125,5693100,52.639102935791016,14952300,67.9722671508789,11407800,66.20942687988281,4041700
24.47406005859375,106806000,57.508419036865234,8434700,92.18856811523438,4551800,52.4129524230957,12226500,68.75077819824219,29793300,65.80545043945312,4102200
24.7033634185791,107210000,57.89250564575195,7099600,92.37438201904295,5806400,52.63128280639648,13720700,68.66513061523438,17470400,65.99938201904297,2449400
24.696483612060547,107521600,58.65408706665039,9851200,92.70729064941406,5280700,52.59229278564453,16649400,69.00769805908203,14472100,66.314453125,3071000
24.847827911376957,169457200,58.43553924560547,7470400,92.59889221191406,4753800,52.37393951416016,10070400,68.47048950195312,17556400,67.63946533203125,3996700
24.19659423828125,212008000,58.97194290161133,9579500,92.49051666259766,4833000,52.444129943847656,12253000,68.33815002441406,23465700,67.4940414428711,3400500
23.648542404174805,186228000,57.508419036865234,12820200,91.530517578125,7957300,51.97623825073242,19686900,67.13923645019531,21955000,65.2722396850586,5311600
24.17825126647949,181171200,57.80641174316406,10889000,92.25051879882812,7239800,52.29596710205078,16453000,68.70406341552734,16105700,66.1852035522461,4110800
24.75381088256836,248704800,56.428955078125,13214300,91.05054473876952,7957900,51.88264846801758,18876100,67.76983642578125,19682700,64.81981658935547,4740600
25.629770278930664,443554800,56.02500534057617,13957000,91.2440948486328,6124900,51.78126525878906,12648600,67.73869323730469,25397900,65.45804595947266,5324800
26.501134872436523,359934400,56.34287643432617,9062600,91.8402099609375,5812100,51.96844100952149,12531300,68.55616760253906,13833600,66.2740707397461,3499400
26.352094650268555,319547600,55.64753723144531,21538400,91.54602813720705,12408800,51.32896041870117,25161500,68.54834747314453,23518300,66.29021453857422,6715400
26.04482078552246,188092000,55.51508331298828,7929100,91.08927154541016,5457600,51.61751556396485,13466900,68.79749298095703,19173900,66.15287780761719,4351200
26.04252243041992,138057200,54.66082000732422,17522000,91.31378173828124,5187700,51.82806396484375,10092200,68.96100616455078,33986500,66.0074462890625,2774600
26.037931442260746,144012800,55.16410446166992,15055900,92.0570068359375,6337300,52.124393463134766,14116800,68.35372161865234,55409800,67.43746185302734,4264300
26.28329086303711,124296000,55.32304000854492,10738500,92.48278045654295,5340500,52.55331039428711,12781700,69.2801513671875,52692700,67.46171569824219,3925200
25.845319747924805,209924800,55.26343536376953,12667100,91.97954559326172,4773000,52.444129943847656,13967400,68.32259368896484,48281400,66.60530090332031,3031500
25.88430404663086,119477600,55.00516128540039,10860300,91.1821517944336,5998900,51.29776382446289,16408100,68.39263153076172,60276600,66.54875946044922,3340800
25.932456970214844,98429600,55.1243782043457,9595000,92.29696655273438,5349500,51.75007247924805,13711400,68.78971099853516,65150800,66.9608154296875,4295600
26.12965583801269,118564400,57.548133850097656,28117900,92.42859649658205,5076100,52.02303695678711,11278000,69.64606475830078,89806000,69.95822143554688,9497100
25.72378158569336,143548000,57.25675964355469,19082900,90.7873306274414,6190200,51.19639587402344,18727200,68.6884994506836,74587500,70.66918182373047,10616400
25.92328453063965,145516400,57.799800872802734,15961500,91.453125,7941100,51.929443359375,21680100,69.87183380126953,123735700,71.71949768066406,6379100
25.801740646362305,86807200,57.64750289916992,7111200,91.97954559326172,6098600,51.8670539855957,14901700,69.0232925415039,26789500,71.32359313964844,4294600
25.911813735961918,118947200,57.11769485473633,8222000,91.98728942871094,5733900,52.314788818359375,17226900,68.78192138671875,23317600,70.70153045654297,4743300
25.92328453063965,85812400,57.6143684387207,8796200,92.26602935791016,5778700,53.17099380493164,16280000,69.17115783691406,64580300,72.24464416503906,5189500
26.115901947021484,115117200,57.64086532592773,7718300,91.93310546875,4448500,53.31239318847656,17485000,69.45922088623047,61462800,72.13960266113281,3786900
26.15488624572754,97433600,57.44219207763672,6614900,92.31244659423828,4799300,53.50090789794922,18497000,70.06645965576172,20518800,71.47711944580078,3774200
26.611207962036133,144944000,58.567989349365234,10060000,92.74598693847656,3657000,53.91722106933594,13027500,69.33465576171875,15492400,71.2751235961914,3785700
26.668535232543945,256164000,58.10440826416016,9309000,91.07376861572266,6394200,53.65800476074219,15657100,68.92984771728516,11723100,70.66918182373047,6471900
26.90701103210449,150347200,57.700439453125,8172600,91.32923889160156,4685200,53.5166244506836,11899800,68.95315551757812,17118000,70.75807189941406,3950000
26.824462890625,140769600,57.32299041748047,9890300,91.55377960205078,7387400,53.21026611328125,17890000,68.69628143310547,11158100,70.26521301269531,5677000
26.97351455688477,142608800,57.30973815917969,7991700,91.01181030273438,5640500,53.03745651245117,24163800,68.84420776367188,7369000,70.8307876586914,3601000
26.95516967773437,94499600,57.30973815917969,7263100,91.73182678222656,6956400,52.76253509521485,14963400,68.37708282470703,7610600,70.52376556396484,4479700
26.936824798583984,98214000,57.46205139160156,5429300,89.34737396240234,12598300,53.1788444519043,11870300,68.08125305175781,10749500,70.46720123291016,3715700
26.856569290161133,80138400,57.72694778442383,9373400,88.71253967285156,7400900,53.689430236816406,12705800,67.10844421386719,12788800,71.09739685058594,5943900
26.842803955078125,96503200,57.753448486328125,6866900,88.9293212890625,6973000,53.61874771118164,14122000,66.62986755371094,10175100,70.60835266113281,4576600
26.73732566833496,92770800,57.36271667480469,10736200,87.82225036621094,8422000,53.79938888549805,12175700,66.15913391113281,13974100,70.36382293701172,3592500
26.978103637695312,94154800,57.554779052734375,8354900,87.95384979248047,6141900,54.097904205322266,10197100,65.97871398925781,10573200,70.08670806884766,5096500
27.115686416625977,192516000,57.42894744873047,6835900,88.2248306274414,5595000,54.04291534423828,9945100,68.23033142089844,20761200,68.85599517822266,11639200
26.50572395324707,264536800,57.67394256591797,8488100,88.6893310546875,6429200,54.30211639404297,9801300,68.56766510009766,8464100,68.57072448730469,6582100
26.251197814941406,138248000,57.5613899230957,9071100,89.57186126708984,7548700,54.38069152832031,14210700,67.92435455322266,6598300,67.65785217285156,5003200
26.07691764831543,151446800,56.14420700073242,19072200,89.28543090820312,8813300,54.28642654418945,12766500,68.1283187866211,7021100,68.36695098876953,4974000
26.035642623901367,105677600,55.177364349365234,16663800,89.79639434814453,8552500,54.40424728393555,14336300,68.09693908691406,8207100,68.02462768554688,4679400
25.565561294555664,175303200,55.39588165283203,13050600,89.29316711425781,7591900,54.17644119262695,15564500,68.13616180419922,8564500,67.0302505493164,5139600
25.5884952545166,113326800,55.26343536376953,11226100,88.92158508300781,6591300,53.94864654541016,12449800,68.04986572265625,7773200,66.1092300415039,5228600
25.314210891723636,107730400,55.40252685546875,8836500,89.05315399169922,6227100,53.71298599243164,10369700,67.94001770019531,6899900,66.23963165283203,3859000
25.08603286743164,123348000,55.342918395996094,13877100,89.11511993408203,7160600,53.22599792480469,13571300,66.74754333496094,9378100,67.08729553222656,5745800
25.44789695739746,130240000,56.587928771972656,13576200,90.31509399414062,6398200,54.89126205444336,16515100,67.90864562988281,8878500,68.2610092163086,3786400
25.59771156311035,97016800,56.99544525146485,9735200,90.61702728271484,6675300,55.00909423828125,17531700,68.61473846435547,7674600,69.01899719238281,3407700
25.55622673034668,236705600,57.62345886230469,15901300,93.1408233642578,16220000,57.53841018676758,50948400,67.41439056396484,11972500,74.33318328857422,19281900
24.84402656555176,228538000,58.157958984375,14106100,92.54470825195312,11904500,60.20914459228516,56192300,65.08435821533203,22095000,76.16702270507812,14174400
24.99153709411621,136575600,57.2359619140625,13812200,91.7163543701172,8134800,60.24056243896485,27574300,65.57076263427734,8905700,75.80841827392578,7369900
24.36461067199707,204702000,56.97540664672852,12607500,90.26861572265624,10054900,62.4556999206543,46130700,65.11571502685547,12862500,76.7538833618164,7552800
24.68729591369629,129058000,58.004276275634766,12883500,90.05186462402344,7446700,62.33788299560547,28126300,65.60215759277344,9464000,76.97392272949219,4645400
25.35109138488769,235362000,57.28941345214844,8201200,90.08281707763672,6594800,60.79826736450195,26054900,65.2647933959961,8542900,76.08552551269531,3297200
25.341873168945312,110528000,56.94200897216797,8200500,90.24542236328124,5730300,61.28528594970703,19306700,65.1706314086914,9083700,75.62094116210938,3942200
25.36721992492676,113715600,56.97540664672852,8457800,89.92579650878906,7717800,61.04176712036133,19770000,64.33120727539062,14565500,75.26231384277344,4715900
25.752140045166016,117058400,57.78380584716797,8861500,89.64517974853516,5843300,61.30883407592773,11983500,64.83331298828125,11482100,75.71873474121094,3783200
25.76826858520508,103862000,57.91072845458984,9390200,87.8834457397461,11649700,61.68589782714844,14410100,64.92743682861328,7426500,76.30561065673828,3172800
25.63689422607422,109705600,58.071083068847656,5996300,88.14069366455078,7892600,61.94512176513672,13373700,64.86469268798828,7693300,78.39212799072266,6535900
25.76596450805664,45903600,58.20469284057617,5042300,88.96697998046875,3433300,61.92153930664063,6185700,65.47661590576172,3882900,78.090576171875,2006900
25.71525382995605,108776000,57.77044677734375,7449600,88.18746185302734,9065700,61.52093505859375,13007200,65.1706314086914,6990100,77.34886932373047,4916000
25.689903259277344,114115200,57.38961410522461,9181100,87.68080139160156,7799600,61.99224090576172,14144100,65.02942657470703,6183100,76.64791107177734,3806000
25.47325325012207,144649200,58.32495880126953,22696200,86.76095581054688,11178500,62.974117279052734,25351900,64.69210052490234,12115500,77.88681030273438,4641900
25.23584747314453,148347600,58.28487014770508,13005600,86.82330322265625,8143300,64.24665069580078,23823600,64.22135925292969,12516900,78.4410400390625,9361600
25.330352783203125,106112000,58.15126419067383,9706600,87.27542114257812,6167700,64.09737396240234,16931500,64.64502716064453,9079400,77.54448699951172,5038300
25.14826202392578,137298000,58.44521331787109,11741100,87.25983428955078,5451600,65.4013442993164,18529800,65.10789489746094,8597500,76.98209381103516,4980300
25.341873168945312,104782000,58.498661041259766,11293600,87.3533935546875,6530400,65.73909759521484,16130000,65.04513549804688,7327200,77.60969543457031,3663100
25.59079360961914,119994800,58.83938980102539,11182600,86.60504150390625,11761100,66.03760528564453,18996900,66.04146575927734,8567700,79.32945251464844,4901100
25.84202766418457,108273200,59.00641250610352,9086700,86.519287109375,7774900,66.86241149902344,20844900,65.50800323486328,7522800,78.46549987792969,3861600
26.26381492614746,137610400,59.460716247558594,8021700,87.50927734375,7672100,67.15303802490234,14567200,66.19056701660156,8004500,77.86235809326172,6550200
26.11400032043457,105497600,60.7835578918457,15545400,89.92579650878906,9544600,66.55604553222656,14511300,66.78678131103516,7494100,77.49557495117188,3596700
26.54961585998535,174935200,61.85252380371094,18829300,90.33895874023438,7051600,66.57962036132812,16669000,66.82599639892578,11795900,78.26173400878906,3803300
26.54961585998535,136127200,60.51631927490234,16325400,89.63738250732422,9378700,66.55604553222656,22622600,66.19056701660156,12292200,76.40340423583984,5647400
26.6948184967041,186098000,60.72343444824219,11155100,90.33895874023438,6738100,67.55364227294922,19438900,66.43374633789062,8768100,77.04731750488281,4200100
26.729389190673828,177404400,60.91719055175781,20560400,90.33116912841795,11291100,66.72100067138672,23008500,66.43374633789062,21172400,75.45791625976562,7872700
26.88382339477539,111117600,60.40943908691406,9674400,90.4403076171875,6310800,67.10588836669922,21685100,66.457275390625,6431200,75.56388854980469,3856300
26.955265045166016,85700000,60.41612243652344,7221000,90.15967559814452,5715200,67.96995544433594,14587300,66.34744262695312,7485400,76.89241790771484,4302400
26.980621337890625,95132800,60.315879821777344,7308000,89.8868408203125,5907600,68.14276885986328,11400500,66.11994934082031,6099300,76.46857452392578,2829300
26.803157806396484,104343600,60.71007537841797,8003100,89.9881820678711,4602300,68.25273132324219,13924200,66.26897430419922,7864800,76.71314239501953,2534900
26.856163024902344,56998000,60.60319519042969,4266500,90.39351654052734,2992500,68.37843322753906,10759400,66.65340423583984,5284200,76.87612915039062,1545900
27.026723861694336,73187600,60.62988662719727,4960600,90.35454559326172,3232600,68.44129180908203,6946400,66.3709716796875,3782600,77.0635986328125,1735200
26.911481857299805,83623600,60.32928085327149,6745900,89.72311401367188,3278300,67.9463882446289,9455600,65.95516967773438,4298800,75.92252349853516,2700300
26.904560089111328,60158000,60.362674713134766,6684700,90.02713012695312,2993600,67.46723175048828,14689000,66.17485046386719,3718300,76.03662872314453,2387200
26.6948184967041,122345200,60.302528381347656,9117800,89.80888366699219,5506700,67.78144836425781,13617800,65.96302795410156,6209800,75.58834838867188,3471200
26.770883560180664,115127600,60.72343444824219,10360600,90.29996490478516,5953000,68.51982879638672,20550700,66.05716705322266,8792700,76.60716247558594,5054900
26.740915298461918,84472400,60.05535507202149,9434200,90.15187072753906,5828900,68.64616394042969,15266600,66.29252624511719,8096700,76.26485443115234,3772100
26.876909255981445,88774400,59.160099029541016,14443200,91.09508514404295,6217200,68.0142822265625,14300800,66.73182678222656,6852400,75.8002700805664,4698800
27.17653465270996,127007600,59.12666702270508,16518100,90.6585464477539,5221400,68.02220916748047,12893300,66.70832061767578,4799900,75.83287048339844,4023100
27.425460815429688,134247600,58.15126419067383,13762300,90.64295959472656,5457500,68.06957244873047,12806600,66.21405792236328,11000600,75.28678131103516,3095000
27.4531192779541,97848400,57.40967178344727,13283100,90.5494384765625,5312800,68.26705932617188,13989000,65.5001449584961,10918200,76.47676849365234,3980200
27.60062599182129,110354400,57.99759292602539,11183700,89.43470001220703,8887200,68.78046417236328,14713100,65.70413208007812,9572300,77.14510345458984,3720500
27.485389709472656,108344800,57.6835823059082,10407000,89.34896087646484,6627300,68.11698913574219,21337400,65.77473449707031,6545400,76.60716247558594,3102700
27.43698501586914,104447600,57.69026565551758,8415600,89.33336639404297,4935200,68.48030853271484,28296000,65.90809631347656,6762800,77.00653839111328,2609500
27.658252716064453,137759200,58.36503982543945,13237300,89.54386138916016,6255400,65.9922866821289,30024600,66.84954833984375,13145100,76.26485443115234,5040300
27.655946731567383,94852000,57.64351272583008,11831700,89.41133880615234,5014600,66.30033111572266,21270100,67.1579360961914,10520400,76.70043182373047,3425700
27.607542037963867,102389200,56.60794448852539,16382900,89.02153778076172,5540800,65.79481506347656,16555600,66.97603607177734,14074500,76.74151611328125,3540100
27.658252716064453,130391600,57.3829460144043,18739700,88.98258209228516,7502400,66.08704376220703,18436800,69.1506118774414,22944400,77.72769165039062,5045200
27.676687240600582,88200800,56.768287658691406,11433900,88.7955093383789,7989800,66.11865234375,12179200,68.76313781738281,9408900,77.62905883789062,3254900
27.651336669921875,92844000,56.84846115112305,11858100,87.1195068359375,12450300,66.9164047241211,15175300,69.47480010986328,8704700,79.0918960571289,5768200
28.09156036376953,129510400,57.0154914855957,9578500,87.93021392822266,9385500,67.95111846923828,17551000,68.92131042480469,8082900,80.66158294677734,7557900
28.10538673400879,105350400,57.18920516967773,8779400,87.18190002441406,10164300,68.51982879638672,15962800,68.47845458984375,6542300,79.89730072021484,9097300
28.10769844055176,82251600,57.12905883789063,10947900,88.3823471069336,8886100,68.66197967529297,12535400,68.5733871459961,9332300,81.35191345214844,6371400
28.033937454223636,121510000,56.69480895996094,12789200,88.18746185302734,6969400,67.95111846923828,13661900,68.59709167480469,7350000,79.54388427734375,5221800
27.969411849975582,196804000,56.0467414855957,19128100,88.2810287475586,8713400,66.84530639648438,15655100,69.26920318603516,9712400,78.6152572631836,5724700
29.674991607666016,447940000,55.41206741333008,15111800,88.26543426513672,7082300,67.09806060791016,15430900,69.05571746826172,8291000,78.16325378417969,3582500
29.624290466308597,134841600,55.75278472900391,12200100,88.53047180175781,7826300,66.813720703125,11081400,69.39574432373047,8997200,77.06200408935547,3807500
29.75106239318848,98029200,55.81291580200195,12746300,88.58502960205078,7267600,68.85945892333984,17885200,69.11898803710938,7161900,76.65933227539062,4677900
30.02994537353516,107383600,55.65925598144531,9938200,88.39796447753906,6178400,68.53559875488281,11828400,69.11107635498047,7483000,76.3223648071289,4621300
30.315746307373047,152735200,55.29849624633789,11705200,88.46031188964844,5507900,68.49613952636719,9392800,69.59342956542969,6646100,76.68397521972656,4995600
30.43330192565918,92016400,54.93440246582031,14006300,88.39796447753906,5272000,67.89583587646484,13970900,69.84647369384766,6815800,76.35525512695312,4083500
30.65321159362793,113399600,55.1771125793457,9603000,88.92803192138672,5854600,68.8752212524414,13749100,70.11532592773438,9914100,77.21815490722656,3994300
30.583763122558597,80262000,55.63558578491211,8739800,89.8322525024414,6438500,68.71726989746094,10992500,69.56179809570312,11057600,79.1494369506836,5600200
30.85459518432617,92141600,55.95920181274414,9071600,90.33116912841795,5710800,69.6255874633789,18739100,69.83065795898438,6905100,80.9491958618164,6995100
31.25506591796875,132904800,55.837852478027344,11370500,90.70532989501952,5539100,70.73926544189453,17932100,69.47480010986328,20123400,80.61225128173828,4342600
31.36849021911621,142492400,56.067081451416016,11768500,91.36011505126952,5979700,71.55286407470703,17381800,72.05264282226562,25847700,81.37655639648438,4326000
31.33146858215332,90338400,55.48725509643555,10615000,92.04610443115234,7119300,71.50544738769531,17672700,71.79170989990234,12408500,80.75198364257812,3062400
31.417102813720703,88792800,55.123191833496094,15646000,92.65411376953124,8691400,71.26847839355469,15776600,72.02892303466797,12152400,81.23687744140625,3631500
31.643957138061523,98028800,55.21085357666016,16419600,93.27777862548828,8595100,71.88458251953125,14068300,72.48753356933594,9018700,80.6204833984375,3916600
31.738866806030277,83347600,54.5635871887207,12917400,93.16862487792967,5103900,71.92408752441406,11839000,72.30567932128906,6749900,80.70266723632812,3031100
31.604602813720703,83152800,55.13665390014648,13847000,94.8679656982422,9980900,71.97935485839844,11067000,72.060546875,7611600,78.52485656738281,6024800
31.634708404541016,87106400,54.66471862792969,11338700,96.30396270751952,10835000,71.34749603271484,15062300,71.9972915649414,6643400,78.46733093261719,5018200
31.69719696044922,81029600,54.9748649597168,13465900,96.04500579833984,5946200,71.4264907836914,12361000,71.87076568603516,11840300,80.07809448242188,5445000
31.71108627319336,93931600,54.82654571533203,16834200,95.89590454101562,8885500,71.5765380859375,15183500,72.01310729980469,10535600,79.43705749511719,3951700
32.3592414855957,145658400,55.97268295288086,17482100,97.19063568115234,9393900,73.93033599853516,24451400,72.47965240478516,8792200,81.01493072509766,5564900
32.1671142578125,104844000,56.161468505859375,14170300,97.01018524169922,6950200,72.7771224975586,16862500,71.88661193847656,7031200,77.54688262939453,23059200
32.35693359375,84432400,55.59513854980469,12190400,97.13571166992188,5585200,73.29843139648438,12817500,71.56237030029297,8334900,78.17147827148438,8163300
32.255088806152344,87000000,55.8445930480957,9617200,97.07292938232422,6670700,72.60334014892578,15059200,71.45957946777344,9533800,78.6152572631836,4706100
32.2967414855957,69785200,55.63558578491211,12711500,97.16712188720705,6644000,72.20053100585938,11156800,71.39631652832031,5363000,78.8371353149414,4683100
32.17637634277344,74828800,54.63100051879883,16817700,97.37895965576172,7909900,72.04254150390625,17378400,71.2777328491211,5503700,76.61822509765625,9370400
32.102298736572266,88623600,55.0625,14721800,98.83060455322266,8571100,72.326904296875,13726200,71.43584442138672,5587400,75.10609436035156,9260900
32.20878219604492,78451200,55.02205276489258,11355200,99.0346450805664,7395400,72.09784698486328,13729900,72.01310729980469,6797800,75.8621597290039,7169000
32.22267532348633,69686800,54.89395904541016,9571400,99.4034423828125,7162500,72.16102600097656,10004300,72.202880859375,7397500,76.13335418701172,4376100
32.17405700683594,61236400,54.60403823852539,11335700,99.69376373291016,7679700,72.27951049804688,10237700,71.9577407836914,6686400,75.49234008789062,5781100
32.51435470581055,102767200,55.28499221801758,11970300,101.19252014160156,8360600,72.4532699584961,16601400,72.2740707397461,7855300,76.72506713867188,6434600
32.56758499145508,76928000,55.33218765258789,9923800,100.80020904541016,7610700,72.38219451904297,14492000,72.30567932128906,6601200,76.3059310913086,3717900
32.40555191040039,175540000,55.28499221801758,18834100,100.48628997802734,13300800,71.62394714355469,21734700,71.9577407836914,37010100,76.35525512695312,7141400
32.745826721191406,86168000,55.28499221801758,7700300,100.49414825439452,5827500,71.11051940917969,14623600,72.13172912597656,7772900,78.4015884399414,6516200
32.37082290649414,158119600,55.17037963867188,13387700,99.8506851196289,7578600,69.02532958984375,33089200,72.10799407958984,8211000,75.96076202392578,7720200
32.73657989501953,103440800,55.123191833496094,11168400,99.07386779785156,10272700,69.13589477539062,21741000,71.94985961914062,7798000,75.96076202392578,5035600
32.62083435058594,81385200,55.19061279296875,8928000,98.7913818359375,8508100,69.02532958984375,16090100,71.77588653564453,6831400,75.79641723632812,2585700
32.55600357055664,89582400,54.765869140625,9128500,98.4618148803711,6490300,68.94634246826172,16093200,71.61771392822266,9252000,75.73065948486328,3634600
32.61156463623047,94300400,54.77933883666992,8481200,98.71292877197266,5004300,68.90682983398438,16689300,71.55448150634766,10072000,75.20472717285156,3425700
33.287498474121094,133499200,55.1771125793457,11028600,98.60306549072266,5287600,69.98104858398438,16264400,71.76797485351562,11855800,76.38812255859375,3866100
33.36157989501953,116760000,55.29848861694336,8495500,98.02239990234376,3971800,69.72037506103516,10207600,71.64144897460938,4252800,76.31417083740234,2513700
33.317588806152344,84829200,56.43114471435547,44704900,97.81838989257812,4711700,70.32067108154297,11631000,71.32513427734375,3691900,76.61001586914062,3672600
33.255088806152344,78646800,55.2917366027832,21750400,97.73208618164062,5657600,69.38074493408203,16987600,71.04837036132812,6942400,76.2319564819336,4020600
33.26435089111328,79942800,55.33218765258789,11438700,97.84191131591795,4956400,69.12799835205078,19831800,70.91397094726562,6967400,75.82927703857422,3685800
33.51203918457031,79565600,55.53445816040039,9270900,97.83406829833984,5358500,69.35838317871094,14280800,71.09584045410156,5680800,77.35784912109375,5797500
33.338436126708984,110871600,55.64231491088867,13809100,97.92825317382812,5646300,68.46865844726562,17635500,71.14329528808594,6320100,77.44825744628906,6061300
33.255088806152344,84596000,55.96595001220703,9554900,98.12442016601562,4324200,68.69902801513672,14379600,70.69253540039062,7231500,78.74673461914062,5421600
33.18101501464844,66688800,55.79738998413086,8909600,98.02239990234376,3615100,68.4607162475586,13097100,70.55813598632812,4739100,78.50019836425781,4463800
33.14166641235352,75733600,56.04685974121094,8885300,97.5672836303711,4594200,68.22240447998047,15081600,70.76374053955078,5956000,79.83155059814453,5168300
32.78518295288086,121517600,55.85133743286133,8576500,97.47311401367188,4161500,68.10321807861328,14690500,71.00886535644531,5186000,79.79866790771484,4250400
32.82453918457031,81400000,55.93896484375,9516100,98.39905548095705,5556600,67.84107971191406,14730600,71.41212463378906,6286300,77.95779418945312,4773900
32.650917053222656,71291600,55.07600402832031,8667900,98.07733154296876,5396500,67.04669189453125,30529800,71.19071197509766,5040100,76.51136016845703,4706000
32.83148193359375,66328400,55.0018310546875,9577200,98.65016174316406,5367500,68.20648956298828,19071700,71.47540283203125,6931700,77.36608123779297,3719100
32.68564224243164,58790000,54.64450073242188,8821400,95.58988189697266,13485700,67.65044403076172,14127000,71.79959106445312,7087800,77.571533203125,3310400
32.565269470214844,69313600,54.2669563293457,10764400,95.23675537109376,6993100,67.0943374633789,17588500,71.39321899414062,6919000,76.81546020507812,5550400
32.97268295288086,93278400,54.61753463745117,11649100,95.62914276123048,6330100,67.96025085449219,15635800,71.1781005859375,6983500,78.43960571289062,4852500
32.93333053588867,69283600,54.40179443359375,9816700,95.54281616210938,6021700,67.14204406738281,19820600,70.61236572265625,9061200,78.15787506103516,4128700
33.25045394897461,68537200,54.68495178222656,8729700,96.42949676513672,5679000,69.5093002319336,25468300,71.35338592529297,8338500,80.22119903564453,6739400
33.456485748291016,75486000,55.10295486450195,10733800,96.85321807861328,5090000,70.113037109375,18253800,71.71194458007812,9088400,86.52719116210938,18383500
33.25971984863281,80164800,54.88047409057617,9445900,96.91600799560548,5021800,70.24810028076172,12832200,69.91119384765625,11951300,86.72607421875,9856100
33.285186767578125,56985200,54.78609848022461,12385300,97.0964813232422,4225200,69.59668731689453,13329000,69.871337890625,8517500,85.0853500366211,6727400
33.25276184082031,83441600,55.049015045166016,12072200,96.88461303710938,4381800,69.11212921142578,10755600,69.58450317382812,8295400,84.7373275756836,4016000
33.931034088134766,134411600,55.325462341308594,8664100,96.78260040283205,4556400,69.1597671508789,15712300,69.39328002929688,4546600,84.52188110351562,4512100
34.14631652832031,181408800,55.3187141418457,9102900,97.0650863647461,4881600,68.71491241455078,14414200,68.70005798339844,13197500,84.11582946777344,4516400
34.042144775390625,182788000,55.7569465637207,10289000,96.77476501464844,3736500,69.11212921142578,11540500,68.86739349365234,6122000,84.14068603515625,4278400
33.91944885253906,93487600,55.042293548583984,16164500,97.26124572753906,3753700,69.19155883789062,11540100,68.88333129882812,5986200,82.35910034179688,7271600
34.481964111328125,109310800,55.29848861694336,10213000,96.91600799560548,4139800,69.11212921142578,9436000,68.92313385009766,4506200,82.56626892089844,4086800
35.41947937011719,195009600,55.885047912597656,8097100,96.71197509765624,3608600,69.19155883789062,8162200,68.9629898071289,4634600,82.34254455566406,5094600
35.64632797241211,156521600,55.4940071105957,8647100,96.68060302734376,3762500,68.91352081298828,10273900,68.84349060058594,9577600,82.27625274658203,9742000
35.47735977172852,103222800,55.745826721191406,9520300,96.36672973632812,4237400,69.45368957519531,8334900,68.91519165039062,6178500,83.16291046142578,4696700
35.78417205810547,109020400,56.22222137451172,10047300,96.67276000976562,4095900,69.23921203613281,10907400,68.66021728515625,6064700,83.6849594116211,5220300
36.28392028808594,130108000,56.181373596191406,7480200,97.01800537109376,4097100,69.04855346679688,8738800,68.67613220214844,5892400,83.45291137695312,4112000
36.1909408569336,104038800,56.351524353027344,10881500,99.6467056274414,9854600,69.38219451904297,8835600,68.7876968383789,5820700,84.8698959350586,3756100
36.13747787475586,80194000,56.181373596191406,9574200,100.25875854492188,7233800,69.59668731689453,9795000,68.7159652709961,6554500,84.8036117553711,3115900
34.92414093017578,203070800,55.80026626586914,11151100,99.39559173583984,6480800,66.94342041015625,24679700,68.73194122314453,7805800,82.98059844970703,4618500
35.456424713134766,134272800,55.63692855834961,9905800,99.6310043334961,6571300,66.69717407226562,23350100,68.42117309570312,6985600,83.04690551757812,5931500
35.57728958129883,107843200,55.75942611694336,13028500,99.65455627441406,6957200,67.34856414794922,13412900,68.7159652709961,7320700,84.87818145751953,4636500
35.79345703125,91865600,56.004432678222656,9218700,99.85855102539062,4858200,67.2850112915039,11636000,68.69207763671875,4260000,84.76216888427734,4376300
35.74930953979492,79675600,56.20180130004883,6857200,100.06256103515624,3972500,68.12706756591797,11753000,68.5885009765625,4394200,85.87256622314453,3327200
35.64237594604492,76712000,56.004432678222656,8136000,100.05471801757812,3965200,68.08735656738281,9833800,68.92313385009766,4878800,86.13773345947266,5170900
35.765567779541016,76942400,55.63692855834961,12370900,100.73400115966795,5294300,67.80136108398438,12238500,69.20999908447266,4368000,87.02440643310547,5220000
35.70514297485352,87710400,55.500823974609375,8227100,100.25218963623048,4005200,67.80931091308594,8113500,69.52075958251953,4337000,87.55471801757812,2894100
35.719078063964844,80507600,55.19453811645508,8973600,100.40227508544922,3665400,66.64949798583984,12603200,69.6402816772461,4594500,87.39727020263672,3211700
35.5075569152832,97804800,54.78621673583984,13572300,101.30274200439452,8813500,65.25929260253906,28327900,70.19005584716797,10146600,87.3641357421875,4131400
35.605186462402344,65616400,54.922325134277344,9884100,101.72138214111328,5790900,65.9822006225586,17123500,70.2219467163086,6251300,87.54642486572266,4211300
36.1328239440918,111082800,54.10562896728516,21687300,102.74822998046876,6562600,65.64855194091797,14998500,70.58847045898438,6136400,87.79502868652344,3702800
35.77952194213867,101326800,54.52760314941406,11527100,102.96939086914062,4634700,65.76770782470703,9080200,70.7079849243164,4115300,87.17353057861328,4319500
35.900394439697266,106499600,55.269412994384766,12208600,103.34065246582033,5619100,65.90276336669922,12196800,70.75579071044922,6503000,86.63493347167969,3800200
36.114234924316406,84278400,55.06524658203125,13096500,103.27745056152344,5765200,66.65742492675781,13711100,70.73188781738281,4781600,85.77313232421875,5121700
36.025909423828125,85003200,54.86787796020508,11720700,103.1194839477539,8101700,67.48359680175781,17951000,69.99882507324219,7712100,87.01608276367188,4649300
34.62893295288086,259530800,55.89553451538086,13553900,103.89359283447266,5992500,69.08032989501953,19120200,70.24586486816406,9696900,87.77017974853516,3881000
33.801456451416016,289229200,56.44000244140625,18172900,104.1226577758789,8020700,69.09622192382812,16053400,70.30958557128906,7867700,87.89447021484375,4167400
34.07340621948242,136661600,56.46043014526367,12175500,104.28059387207033,5733800,69.32658386230469,12557200,70.1661605834961,6419300,87.62932586669922,3522700
33.74102020263672,126124800,55.85470199584961,13714000,104.87301635742188,7329400,69.18359375,16175700,70.46894836425781,6183900,86.76750183105469,4100200
33.53879928588867,128661600,55.98402404785156,11862600,105.08627319335938,5265000,68.7705078125,12509700,71.21793365478516,7047500,88.16792297363281,5974100
33.06925964355469,201444400,56.82111740112305,39726100,106.12102508544922,12639600,68.4607162475586,16936600,71.44100952148438,13855000,89.16230010986328,7350400
34.01530075073242,130165600,56.324317932128906,10445700,105.8998794555664,7488700,69.96209716796875,15972300,71.60041046142578,5246200,89.07112884521484,4347600
33.70615768432617,99600400,56.01803970336914,13232600,106.01836395263672,5201200,69.52519226074219,11197800,71.41712951660156,5674200,88.69824981689453,5314100
33.906044006347656,85063200,55.42594528198242,11422300,106.5633773803711,5841100,69.20741271972656,10005900,71.23388671875,4164500,85.73997497558594,6274100
33.85026931762695,76425200,55.18093490600586,8139900,107.4638671875,7311000,69.12799835205078,12180600,70.93904876708984,4536700,86.04656982421875,3652500
34.00135803222656,141757600,55.5416374206543,10611200,107.76396942138672,9007100,69.00088500976562,18812000,71.24978637695312,8782100,86.27033233642578,12089800
33.894432067871094,102769600,55.28982162475586,7718700,107.69290924072266,5561800,69.30274963378906,10082400,71.20201873779297,4373300,86.38632202148438,2857700
33.408634185791016,99047600,55.20134735107422,9221600,106.6423568725586,6120500,69.94623565673828,15415200,70.60437774658203,5180400,86.12116241455078,3380700
33.89674758911133,88329600,55.48719024658203,9189700,105.7024154663086,6557900,71.352294921875,17466200,70.41316986083984,4875000,88.2093276977539,4118300
33.397003173828125,125997600,54.922325134277344,20525100,104.77033233642578,5750000,72.4088363647461,27697800,69.31358337402344,8123500,87.53813171386719,3550000
33.476043701171875,92096400,54.94273376464844,14000600,104.4938735961914,5264400,72.60742950439453,16892700,69.44107818603516,6070300,89.04627227783203,4702100
33.355167388916016,57111200,55.875125885009766,8422300,104.97572326660156,2931000,74.08513641357422,13208100,69.91119384765625,3607400,88.64024353027344,2404900
33.4923095703125,86278400,55.02440643310547,9830800,105.56021881103516,4302700,74.82799530029297,17535400,69.85540771484375,4974300,89.07112884521484,3483600
33.17619323730469,96515200,54.52760314941406,9822400,104.6755599975586,4282200,74.58834075927734,16596100,69.61636352539062,6038900,88.25907135009766,2921700
33.51321792602539,76806800,54.59563446044922,10777800,104.69137573242188,4994100,74.96379852294922,12817800,69.83946228027344,5142200,88.59879302978516,2767900
33.71778106689453,84362400,54.55481719970703,6338300,103.90938568115234,4019600,74.43659210205078,13987200,69.39328002929688,5356400,89.36114501953125,2951500
33.827022552490234,79127200,54.85426712036133,9681100,103.65660095214844,3733100,74.14905548095703,13262300,69.13827514648438,5838600,89.69261932373047,2559900
33.875831604003906,99538000,55.09926986694336,7974000,104.44649505615234,5053200,73.89344787597656,13540100,69.28965759277344,4374200,90.28923797607422,3611600
34.34769821166992,100797600,55.10607147216797,5582300,104.15423583984376,4424400,74.36470794677734,12820100,69.08251953125,5448900,89.8832015991211,3051100
34.64287567138672,80528400,55.31705856323242,7497200,104.73875427246094,4383100,73.6857681274414,22235200,69.40125274658203,4577700,90.13179779052734,4480200
34.76373672485352,95174000,55.03120422363281,7914700,104.38328552246094,4939400,72.99883270263672,14374200,69.75981140136719,5227800,90.1898193359375,2969500
34.884620666503906,71475200,54.85426712036133,8046100,106.20793914794922,10256000,72.74324035644531,14719400,70.6283187866211,7492300,89.36353302001953,3984400
35.103126525878906,83692000,55.02440643310547,9393200,106.80035400390624,5503300,72.84706115722656,11651200,70.94952392578125,6008500,90.0145492553711,2857900
34.94505310058594,68974800,55.03120422363281,9681000,107.8746109008789,6088600,72.84706115722656,11561700,71.15026092529297,7285000,89.57217407226562,3759700
34.92878341674805,105010400,54.52760314941406,12268600,106.87932586669922,6773500,72.59945678710938,10971300,71.15831756591797,5714800,88.96290588378906,4258100
35.35183334350586,85972800,54.35746383666992,9403000,105.06259155273438,8306700,72.91093444824219,10725100,70.81302642822266,6202000,90.28997039794922,5980400
35.50291061401367,75415600,54.629669189453125,11465300,104.17005920410156,6262900,74.12509155273438,16447700,71.58394622802734,6766700,95.59822082519533,14264600
35.67026901245117,63124000,54.697715759277344,10465100,103.43543243408205,5382200,73.43016815185547,11815500,71.7124252319336,6987000,94.74688720703124,5741200
34.996192932128906,129905200,55.01079177856445,11149700,103.34065246582033,5838100,73.12664031982422,12332400,72.82062530517578,11089200,95.45629119873048,5583500
34.749813079833984,68854800,54.17368698120117,22800800,104.14631652832033,4970900,72.91093444824219,9351900,72.4432144165039,6137500,95.23097229003906,4704500
34.570838928222656,79383600,54.473140716552734,12820200,104.83353424072266,5440800,73.32632446289062,11520300,72.93305206298828,7835700,95.1057586669922,4477200
34.87765121459961,141474400,54.56162643432617,10421200,104.66764831542967,3837600,74.30878448486328,12523700,73.1579360961914,8662100,94.39631652832033,3683700
36.525657653808594,279747200,54.85426712036133,10410100,104.3912124633789,4032100,74.37269592285156,10165600,73.10972595214844,7167700,94.38800811767578,2830600
36.16072463989258,108389200,54.77940368652344,10136700,105.33118438720705,4327300,73.88548278808594,11078800,72.9652099609375,6413200,94.78025817871094,2438900
36.35131454467773,82239600,54.58882522583008,8292200,105.19686126708984,3192800,74.81201934814453,14324000,72.8125991821289,5824400,95.43962860107422,2631900
36.91381454467773,87481200,54.55481719970703,7893800,104.94412231445312,3010800,75.09955596923828,7978300,73.43096160888672,5011300,95.7400894165039,2269400
37.20903015136719,144823600,54.41868209838867,9028400,104.4780731201172,5535800,74.82799530029297,13745400,73.54340362548828,5623400,95.48970794677734,2601200
37.43683242797852,104526000,54.58882522583008,8087100,105.2363739013672,6332300,74.70818328857422,11214400,73.8164291381836,5572800,95.43122863769533,3170100
36.244384765625,163217200,54.2658576965332,12580300,105.12579345703124,5607900,73.63784790039062,13252300,73.67186737060547,6338200,94.43805694580078,3186700
36.74842834472656,105028400,53.74360656738281,10192400,105.13369750976562,4270600,73.02278137207031,10679500,73.35061645507812,7094200,94.18768310546876,2130300
37.30147552490234,88490800,53.757362365722656,8862500,105.43385314941406,3041100,73.87744903564453,10994800,73.59957885742188,5398400,94.90546417236328,1968900
37.70985412597656,117862000,53.62678527832031,10350900,105.3548812866211,3931800,74.06916046142578,8812700,74.04126739501953,5293400,94.85538482666016,2826800
37.55816268920898,110686400,53.235111236572266,9117100,105.9788589477539,4469900,73.5579605102539,11085400,74.23402404785156,7965500,95.24766540527344,2268600
36.83710861206055,111762400,52.40364456176758,13400400,105.08627319335938,5741400,72.40772247314453,13837500,73.93687438964844,5711400,94.42972564697266,2905100
36.75310516357422,109712400,52.66476440429688,14324300,104.76243591308594,4792800,72.4796142578125,13040700,74.25808715820312,6815000,95.08074951171876,3875700
36.68543243408203,105474000,52.48610305786133,10084900,105.41014099121094,4660000,72.39176177978516,11502100,74.5712890625,4334300,94.81364440917967,3137400
37.28514099121094,86418400,52.73347091674805,9503600,106.39749908447266,4150300,73.1346206665039,9211800,74.51507568359375,4731500,96.66651153564452,3881100
37.33180236816406,77596400,52.64414596557617,7054300,104.89673614501952,5129900,73.22248840332031,8811300,74.23402404785156,3631900,95.7734603881836,2447600
37.166133880615234,79275600,52.45173263549805,8678300,104.9678192138672,5398400,73.10266876220703,8623200,74.09747314453125,5173700,95.79852294921876,1861200
37.303802490234375,101920400,52.71973037719727,6844900,104.67366790771484,4133300,73.39820098876953,11794600,74.29020690917969,4933000,96.27422332763672,3282200
37.67951202392578,103864000,52.547943115234375,8229700,104.72142028808594,5349200,73.16654968261719,7292900,74.25808715820312,5386500,96.04054260253906,2011000
38.015533447265625,118067600,52.5341911315918,7060400,105.09500885009766,3277900,72.76718139648438,10886100,74.13764190673828,3676300,96.82511138916016,4355700
38.11821365356445,109078400,52.2936897277832,8218000,104.18878173828124,5430800,72.9349365234375,9165300,73.7762680053711,4709600,98.11042022705078,3401000
38.2698974609375,107140400,52.45173263549805,15641700,105.22218322753906,7407100,72.59945678710938,13217400,74.09747314453125,5864400,98.06033325195312,3357700
38.28155517578125,66364400,52.61665344238281,7361100,104.15699768066406,3820800,73.24644470214844,9815800,74.3062744140625,4960700,98.71971130371094,2992200
37.82185745239258,117874000,53.03583908081055,12784800,103.25875854492188,5146600,71.49713897705078,16897300,74.45884704589844,6532100,98.73638916015624,3826800
37.78218460083008,86606800,54.13531112670898,18574400,103.87084197998048,5601900,71.97643280029297,11845700,74.45884704589844,6747200,97.63468933105467,4292600
37.6304931640625,87714000,54.307090759277344,9836400,105.07909393310548,3800200,70.71437072753906,14592300,74.65963745117188,7735400,98.2940444946289,3270100
37.01676940917969,114446000,54.16279602050781,8436000,104.11725616455078,4854400,70.6264877319336,14242200,74.55522155761719,6070100,98.33578491210938,2787000
37.6865119934082,126323200,54.458274841308594,12955800,105.88992309570312,5724200,71.72080993652344,13219000,75.47870635986328,10177300,99.21212768554688,3527500
37.53715515136719,286856000,54.63007354736328,7644400,105.42884063720705,5465200,72.59945678710938,14003800,75.09327697753906,5804000,100.93980407714844,5554000
37.25480270385742,179629600,54.81560134887695,8369700,105.2857894897461,4679500,72.80713653564453,12485400,75.12539672851562,5369300,99.84645080566406,2532200
36.93511581420898,95042800,55.035491943359375,9072600,106.66094970703124,6274500,72.6633529663086,10562800,75.12539672851562,5492300,100.5558853149414,2904900
37.3084716796875,196458400,55.02174377441406,16043700,106.87559509277344,15522000,73.18253326416016,18171800,74.90052795410156,12428800,101.29871368408205,4610100
37.02611923217773,113077600,55.035491943359375,8594400,107.61491394042967,5260800,74.2209243774414,11318700,74.80419158935547,6177700,103.35187530517578,4349000
37.04011154174805,83242400,55.12482452392578,9277100,107.4876480102539,4903800,75.0356674194336,12626100,75.623291015625,6587200,104.11138916015624,3050000
36.41941452026367,211805600,55.35159683227539,10606900,105.89783477783205,8705500,75.56283569335938,15311600,75.8079833984375,5941500,104.20320892333984,3151600
35.79401779174805,150046800,54.8980712890625,11984200,104.72933959960938,6051800,75.90631103515625,10851500,74.39461517333984,9376700,104.1531219482422,2615400
35.443973541259766,186581600,54.918678283691406,10205800,104.4431610107422,4334900,75.74655151367188,8358300,74.07339477539062,6837700,103.8526382446289,2616700
35.13128662109375,177549200,55.64707946777344,10496600,104.26830291748048,6017400,75.17943572998047,10463400,74.45884704589844,6436200,103.76085662841795,3268500
35.73567581176758,146640000,55.585235595703125,8755100,104.08550262451172,4516200,74.8439712524414,9358100,74.40264892578125,4885200,103.91942596435548,2301900
35.990020751953125,102016800,55.9563102722168,9724500,103.13953399658205,5796100,76.02613830566406,15090200,72.97322845458984,9631200,103.92778778076172,2140600
35.768348693847656,88022000,56.47856140136719,15581700,102.9169464111328,3992700,76.18589782714844,10270400,72.98926544189453,4999800,104.5203628540039,2067800
35.96436309814453,105199200,56.334251403808594,9944000,103.34619140625,5736900,76.28972625732422,11438400,73.06155395507812,6634500,104.08636474609376,2273500
35.89202117919922,74795200,56.09372329711914,6777900,104.30803680419922,4492900,77.3520736694336,13797200,73.69596862792969,7302400,104.09471893310548,2502600
36.048370361328125,64921200,56.183082580566406,6082000,105.00756072998048,3900800,77.75944519042969,9633500,73.97702026367188,5909900,104.75407409667967,2166100
35.81502151489258,80655200,56.20368576049805,6357100,105.6355438232422,3589000,76.96868896484375,12166600,74.21793365478516,6140700,105.78063201904295,2792300
36.26072311401367,85135200,56.36174392700195,7375900,105.87401580810548,3741100,78.00508117675781,14236200,73.90474700927734,6912800,105.4968719482422,2496200
36.239723205566406,69630400,56.148712158203125,6070600,105.89783477783205,2469500,77.8685073852539,10231900,74.14566802978516,5241900,105.9392318725586,2697400
36.3657341003418,65051600,56.36860275268555,7489900,106.0806655883789,3750500,77.4587631225586,7765100,73.97702026367188,5149000,105.89747619628906,1979600
36.37971878051758,62468000,56.526668548583984,7218500,106.43838500976562,4184600,78.0372314453125,10631500,73.57551574707031,17125600,106.99085235595705,4414300
36.53141021728516,67622400,56.76029968261719,7023700,108.62442016601562,8269400,77.80423736572266,14283600,73.44701385498047,7115400,107.3330535888672,2177800
36.4030647277832,64500400,56.64348220825195,6647500,108.76750183105467,5172800,77.12132263183594,18251600,74.0011215209961,5984900,108.4931869506836,3372300
36.63407516479492,65576800,56.62974548339844,7180000,108.4494857788086,4106600,77.01686096191406,13190600,74.71583557128906,6956700,109.0941162109375,3478200
37.3084716796875,96486000,56.904598236083984,5734000,108.2030792236328,5120100,78.60767364501953,12434000,74.79613494873047,4159100,109.72843933105467,2914200
37.44614410400391,75989200,57.00768661499024,6444100,111.91529846191406,11717300,78.43092346191406,10335700,74.52311706542969,5316100,108.95222473144533,2380300
37.28046798706055,65496800,56.870262145996094,6367100,111.8278579711914,6827700,78.7281723022461,10158600,74.4990005493164,7399700,109.57817840576172,2511400
36.39839553833008,170336800,56.85650253295898,7945500,112.90899658203124,9181300,78.8245849609375,9133900,74.10256958007812,8585000,109.79519653320312,4837600
36.461402893066406,95896400,57.110748291015625,9574100,113.19512176513672,5634500,79.94940185546875,15326600,71.4002914428711,19997800,110.29058074951172,3086800
36.44274520874024,87937200,57.20009613037109,9829900,114.16492462158205,6686000,79.81282806396484,9238600,70.63168334960938,13358200,110.55924224853516,5549500
36.65975570678711,71028800,57.3581428527832,7551200,112.5909652709961,6585800,81.08223724365234,13000800,70.37275695800781,11519000,116.06708526611328,18886700
36.49873733520508,84828400,57.1519775390625,9153300,113.1633529663086,6563600,81.16256713867188,14632700,70.27568817138672,9024300,114.89160919189452,7438600
36.73209381103516,68002000,57.3581428527832,9154500,112.72610473632812,5841100,81.7410659790039,13054400,70.79349517822266,6233800,114.97555541992188,5745400
38.04819488525391,177816800,57.52305221557617,14866200,112.70225524902344,5140100,81.76514434814453,10400400,70.42131805419922,7433800,115.70598602294922,4064600
38.90460586547852,178803200,57.406227111816406,7811100,111.2873306274414,6034300,81.47591400146484,8839500,69.79832458496094,5387100,114.5977554321289,3044500
39.445987701416016,144187200,57.27567672729492,9754200,110.81835174560548,4832100,80.83317565917969,8690200,69.85498046875,7119000,114.01844787597656,3988300
38.94428634643555,134551200,57.63301849365234,9430000,111.27145385742188,5006800,81.08223724365234,8418200,70.29993438720703,4884100,114.42982482910156,3629000
39.228965759277344,165573600,57.39936065673828,7775500,111.23167419433594,3494100,81.62052154541016,8731800,69.99250030517578,5021200,114.58097839355467,2722600
40.25339126586914,237594400,57.15885543823242,6903500,111.3509292602539,2737000,81.47591400146484,7103500,70.04914093017578,5106500,114.71531677246094,2105400
40.66176223754883,140105200,57.550540924072266,9276700,111.0965576171875,4220700,80.96975708007812,8121500,69.62034606933594,5186700,115.62206268310548,2780900
40.79243469238281,97446000,57.433712005615234,8471800,111.1045150756836,4201900,79.33877563476562,18822600,70.37275695800781,6875100,116.5456085205078,3222100
41.12612915039063,97638000,57.3581428527832,8691600,112.33661651611328,4440700,78.44697570800781,18524700,70.85820007324219,6910000,115.2694091796875,1933300
41.04212188720703,117930400,57.701698303222656,10528800,111.56558990478516,3517100,78.43893432617188,13697800,71.02001190185547,5280000,113.63219451904295,2940300
40.90629196166992,100582000,57.52141571044922,8693700,110.93755340576172,4240800,78.34255981445312,9314000,71.32746124267578,7227300,114.5893325805664,2016900
40.74236297607422,67928400,57.48672103881836,6720400,111.0965576171875,4322300,78.62372589111328,9303100,72.00708770751953,6873500,114.6313247680664,1894100
40.12643051147461,99130000,57.035926818847656,9251700,110.88194274902344,4078200,78.14971160888672,11043800,71.9018783569336,5035500,115.47932434082033,3041300
39.59715270996094,116632400,56.321590423583984,9663600,110.57192993164062,4811500,78.88887786865234,15384100,71.38409423828125,6688100,112.59109497070312,3746200
40.07024002075195,94550000,55.87079620361328,10527200,110.38912200927734,4193800,79.11383819580078,9808000,72.2093505859375,7205100,114.4886245727539,2812900
39.847747802734375,87598000,55.64884948730469,9536400,109.69754791259766,4247400,78.84870147705078,9017900,71.5459213256836,5941800,114.29549407958984,2312700
39.80792999267578,65049600,55.86386489868164,8468600,109.64183807373048,4266300,79.54766845703125,9483200,71.41647338867188,4926200,114.95035552978516,2124000
40.54799270629883,100525200,56.08579254150391,8838400,109.96776580810548,5660600,79.48341369628906,13389400,71.78054809570312,6196400,115.52972412109376,2221400
40.974212646484375,102355600,56.24530792236328,7941600,109.13314819335938,3917000,79.25041961669922,7342200,71.46500396728516,6006900,115.87391662597656,4887500
40.97655487060547,56106800,56.467247009277344,3851300,109.70545959472656,2606800,78.99332427978516,3680000,71.56209564208984,2196700,115.35343170166016,944400
40.77045440673828,82867200,56.25224304199219,9127500,110.44925689697266,3933100,78.67998504638672,13076200,71.97470092773438,6199700,115.18547058105467,2585400
40.53157424926758,105715200,56.64060592651367,9794600,111.98485565185548,5052800,81.43574523925781,16773000,72.33072662353516,4841300,116.69674682617188,2592700
39.69083023071289,166665600,57.0567512512207,9725000,111.81690979003906,5851400,83.33988189697266,21105500,72.31452178955078,5158900,115.9158935546875,3098200
40.245872497558594,166108800,57.76414108276367,18592700,111.43302154541016,8941900,83.97457122802734,23945900,72.80805206298828,9789900,118.51030731201172,7507800
40.05851364135742,159037200,57.88203048706055,13779300,111.95286560058594,5990500,84.19151306152344,19683500,73.107421875,7953200,118.82095336914062,5481600
39.76578140258789,130169600,57.95832824707031,12597700,111.17707824707033,5916700,85.92691802978516,23576600,73.95694732666016,9003700,118.80419158935548,4922300
39.728309631347656,109400800,57.48672103881836,9357200,111.70491027832033,6745300,84.93871307373047,17193900,73.94883728027344,8683000,117.66232299804688,3884100
39.58076858520508,114240000,57.06366729736328,13398900,112.81661224365234,5591700,84.30398559570312,15476200,73.8274917602539,6737400,117.83023834228516,2881400
39.65336227416992,102693200,57.25090026855469,11359600,111.97682189941406,4713100,84.0549545288086,13371800,72.8970718383789,7273600,119.97122955322266,2977100
39.665069580078125,93420800,57.32722473144531,11988600,112.44071197509766,5101300,85.107421875,13506900,73.11551666259766,5883400,120.78560638427734,2490100
40.43790817260742,141095200,57.58382797241211,8760700,112.880615234375,4358600,84.85836029052734,10591200,73.00223541259766,4856000,120.71007537841795,1913500
40.21074676513672,77636800,57.39657211303711,11307000,114.04828643798828,8016700,85.84657287597656,15508800,72.69478607177734,6558900,120.41619873046876,3397100
40.344234466552734,95273600,57.646244049072266,10172700,114.28020477294922,6118400,84.76998901367188,15020300,73.52812194824219,7141000,124.74018096923828,6486500
40.3325309753418,81906000,57.49365997314453,9492400,113.28846740722656,5337900,84.08708953857422,13034200,73.62521362304688,5853500,122.81749725341795,4616900
40.74236297607422,160677200,57.58382797241211,26582300,113.93626403808594,12517000,85.2761459350586,29350600,74.34527587890625,15924000,123.16173553466795,7931700
41.31612396240234,117684400,57.52141571044922,9363500,113.40841674804688,5833200,85.93497467041016,12713100,74.33719635009766,7405700,125.7477035522461,3534800
40.87584686279297,109745600,57.17463684082031,10285100,113.39244842529295,6580100,85.57341766357422,12149900,74.1753921508789,5644400,126.70484924316406,3554100
40.83134841918945,93902400,57.47285461425781,10620300,112.8966064453125,6289800,85.2761459350586,13091500,74.05403137207031,6938500,128.056640625,3076000
40.98591232299805,83799600,58.15251541137695,13578100,112.81661224365234,6284700,86.6339340209961,12323700,74.16729736328125,4860400,129.8365478515625,4017400
40.98591232299805,65397600,58.235721588134766,10161400,112.0647964477539,4665600,86.32865142822266,14573400,74.53947448730469,4919400,130.76852416992188,2486400
39.946102142333984,132742000,58.24266052246094,4777200,112.04082489013672,3271100,85.98316192626953,7403700,74.82263946533203,3431900,131.34788513183594,1870600
39.9531364440918,85992800,58.18721771240234,7000600,112.42472076416016,3753600,86.14384460449219,9496500,74.51518249511719,4276700,132.25465393066406,2520500
40.0655403137207,65920800,58.27040481567383,7495300,112.4167251586914,2485000,86.601806640625,7440600,74.49092864990234,3005400,133.01025390625,4064000
39.63228988647461,103999600,58.00688171386719,8523400,111.74491119384766,4452900,85.91889190673828,8925700,74.33719635009766,4346700,132.3050537109375,2616100
40.34188461303711,102223600,58.970890045166016,11469300,111.35301971435548,6842100,86.73036193847656,13578800,73.34205627441406,7558900,131.8516082763672,5108400
40.334869384765625,118071600,60.12906646728516,13957700,112.4167251586914,5350500,86.8187255859375,11901000,73.2530746459961,5863600,132.05313110351562,4146100
40.52222442626953,89738400,60.21229553222656,10863000,112.40870666503906,4837600,88.06245422363281,12953700,73.7708511352539,6322500,133.86666870117188,4865800
40.98358154296875,94640000,60.16375350952149,11047600,113.3364715576172,6158800,87.49713134765625,14155000,73.81937408447266,5949700,135.98251342773438,3945400
40.83134841918945,82271200,60.43421936035156,10927100,113.4804229736328,5129800,87.62635040283203,12466500,74.2077407836914,4860700,139.39971923828125,5929200
40.82666015625,86336000,60.17760467529297,8131600,115.27992248535156,8897000,88.07056427001953,13292300,73.66565704345703,6630100,139.7355499267578,4522900
40.81730651855469,95839600,59.69906997680664,10822300,115.14393615722656,6558600,89.0396957397461,15834500,73.19641876220703,6564700,139.26535034179688,5478600
41.04914855957031,74670800,60.2885971069336,14366000,115.7997589111328,4962200,89.51616668701172,13676800,72.93751525878906,5469700,142.06126403808594,4199000
41.47304534912109,101672400,60.69777297973633,9834500,116.57554626464844,5450600,90.99410247802734,18884200,72.50061798095703,8111000,142.9847869873047,4127900
41.26226806640625,118263600,60.31633758544922,10882800,117.45532989501952,8804000,90.67105865478516,22703300,72.99414825439453,9465300,142.15362548828125,8530600
41.94377517700195,137547200,61.03067779541016,10546000,117.55130767822266,10619700,91.25254821777344,14940300,73.78704833984375,8345500,141.47352600097656,5571400
41.981224060058594,124773600,60.63535690307617,9223700,117.50330352783205,5554800,91.47059631347656,14572900,73.51801300048828,7699800,141.75057983398438,4668800
41.79386901855469,129700400,60.4411735534668,13090000,117.8552017211914,8738800,91.26869201660156,18785500,74.24356842041016,9364000,143.74127197265625,5796700
41.451961517333984,108434400,61.20405197143555,10270400,118.47903442382812,7010400,92.33477020263672,12475700,74.91204833984375,8658000,144.14614868164062,3540900
41.46132278442383,130756400,61.23871994018555,10281800,113.43243408203124,17473600,92.23783111572266,12320800,72.59680938720703,18756300,142.91458129882812,5036500
40.800899505615234,204420400,61.39823913574219,10316100,113.62439727783205,13034400,93.41695404052734,15904500,71.99353790283203,15141900,141.99520874023438,8241000
40.07257461547852,166116000,61.28726959228516,11271900,115.48789978027344,7938800,93.44116973876952,13510000,72.0179672241211,11264400,142.86399841308594,16937100
40.1662483215332,156572000,61.72419738769531,10514400,116.23168182373048,8065600,93.94190216064452,13883900,71.52067565917969,11503100,140.91552734375,9045300
39.33486175537109,202561600,61.037593841552734,9315700,114.91200256347656,8013400,93.84498596191406,11679900,70.81143188476562,11685800,137.13662719726562,9496800
39.10300827026367,184192800,60.18456268310547,12408000,113.91227722167967,8376100,92.96469116210938,14279100,70.8847885131836,9662900,138.13198852539062,8694800
39.21072769165039,129915600,60.54519271850586,14404700,110.52123260498048,13137400,93.41695404052734,13141400,70.38751220703125,11798100,137.30532836914062,7014000
39.29272079467773,188923200,61.77274703979492,17971000,111.98485565185548,9393600,94.38609313964844,13800600,69.988037109375,8606300,136.84982299804688,4323600
37.58779525756836,346375200,58.62411880493164,29822100,110.11335754394533,9262500,92.29440307617188,16477300,68.68366241455078,12846300,132.84323120117188,7602800
36.64867782592773,290954000,55.28824234008789,30452700,104.28301239013672,19954100,87.86863708496094,30097600,66.08304595947266,17462200,127.43637084960938,11390500
38.1802978515625,272975200,54.33809280395508,36262800,105.43466186523438,19193500,90.54183959960938,33114800,67.1591567993164,19955500,131.93222045898438,13908700
37.36296463012695,206434400,53.3602180480957,21994500,105.10675811767578,10550400,91.15563201904295,21878300,66.71893310546875,11851800,130.18614196777344,7156500
36.33486557006836,217562000,52.7568359375,25650800,101.05989074707033,11680200,87.12562561035156,27425800,65.39824676513672,14596100,123.14290618896484,9101900
36.7792854309082,282690400,53.0931396484375,29491600,103.5951919555664,15030900,88.87007141113281,28188000,65.15367889404297,18838800,125.8590087890625,9528100
38.26072311401367,243278000,53.54155349731445,19340400,104.18699645996094,9963900,90.24303436279295,18043300,66.30317687988281,10769000,128.45697021484375,5756800
38.64400863647461,130196800,53.45747756958008,11926600,103.93907928466795,6339000,90.8002700805664,16358200,66.4417495727539,9278700,129.87408447265625,5512100
39.35651016235352,162579600,53.569557189941406,17188400,103.70716857910156,6259700,92.90008544921876,15186900,65.77328491210938,9412000,133.32398986816406,5560100
40.67802429199219,204588800,53.39441680908203,14432400,104.9548110961914,5606400,93.28775024414062,12130200,67.1836166381836,8910700,134.94349670410156,4914500
40.54633331298828,160704400,53.6256217956543,13722400,106.49037170410156,7970100,92.61741638183594,13214300,67.33851623535156,10371700,131.8309783935547,5991600
40.40996170043945,135722000,53.07213592529297,13387300,104.66686248779295,6563500,92.6416473388672,13461500,66.31130981445312,7087700,131.21524047851562,5094600
40.226539611816406,149886400,52.46958541870117,11715000,103.89911651611328,6578000,93.02930450439452,14212500,65.41456604003906,9134500,130.9368896484375,4179400
40.56280517578125,123967600,53.14919662475586,14020200,103.89911651611328,5732200,92.85968780517578,17070400,65.90370178222656,10277700,133.99880981445312,4723300
41.26824188232422,135249600,54.3192253112793,13378800,105.58659362792967,5126800,94.74144744873048,12162500,66.07489776611328,10321800,136.99322509765625,4450800
42.08419799804688,152648800,55.23705673217773,16940400,106.3030014038086,6684400,95.9205551147461,16511200,66.5477294921875,9422200,138.07290649414062,6254400
41.94781494140625,155712400,54.29822540283203,14629500,105.98103332519533,7158600,94.7818374633789,17563300,65.65914154052734,8919600,136.023193359375,4127700
41.88431930541992,151128400,53.06512451171875,17087800,104.54024505615234,7985900,93.27965545654295,17735600,64.01234436035156,16862000,130.43080139160156,7298600
41.150672912597656,195208000,52.68680191040039,15696700,102.44752502441406,9424000,91.60787963867188,18690000,64.1590805053711,13504200,126.7193832397461,9434800
41.435203552246094,153816000,52.93200302124024,15630300,103.68706512451172,6910400,91.5190658569336,18353700,64.81130981445312,9317700,123.471923828125,9509400
41.5786361694336,113605600,53.43645095825195,14891000,104.46780395507812,5799800,92.92431640625,13933000,65.45530700683594,8177000,127.4700927734375,8453000
41.54336929321289,95154000,53.37339019775391,10754300,103.20413208007812,5546500,93.00506591796876,10674400,65.23518371582031,9085300,129.68850708007812,5795600
41.157711029052734,126814000,52.0282096862793,27255500,103.8641357421875,6391700,92.65779876708984,13006500,64.53408813476562,9089500,127.79906463623048,5491000
41.60684967041016,95096400,51.93010330200195,19299800,106.2949447631836,6423400,92.66587829589844,11173700,65.19444274902344,7951700,129.55349731445312,4105000
42.32168960571289,128740800,52.23838806152344,19714100,107.69547271728516,7557800,95.33099365234376,15366600,65.45530700683594,7662200,133.4842529296875,4576700
42.730865478515625,128828400,52.71481704711914,14226700,106.75373840332033,4942000,95.0241241455078,12339300,65.10476684570312,7182000,130.32113647460938,4880400
42.319332122802734,126774000,52.21736145019531,13739700,108.13812255859376,9152300,93.88536071777344,13312300,64.9906234741211,9620200,129.63790893554688,4819100
41.959571838378906,117473600,51.5657844543457,14820700,106.50421142578124,6770600,92.83545684814452,12905100,64.40364837646484,8898100,128.6678466796875,4873600
42.00895690917969,90975200,52.14028930664063,15640600,107.0998306274414,6147200,93.0697021484375,8748000,64.1346435546875,6996900,130.38015747070312,5268800
41.86080551147461,157618800,52.6307373046875,32109700,107.59886169433594,14233500,93.23123168945312,19888900,64.37920379638672,17715400,131.97434997558594,10897600
41.22121047973633,133787200,51.951133728027344,12744800,104.83001708984376,6017000,92.49626159667967,13214900,64.12647247314453,8368200,128.3389129638672,5479200
41.20709991455078,78597600,51.83903121948242,13003200,105.6107940673828,6214300,92.58512878417967,9921200,63.84114074707031,8465500,129.94996643066406,3557600
40.273563385009766,148219600,52.57468795776367,15418500,105.59466552734376,5158700,92.66587829589844,13633000,62.80580520629883,9822800,131.4176788330078,3887400
39.70452499389648,165963200,51.4957275390625,17737000,102.52799224853516,7560100,88.79737091064453,22550400,62.29220199584961,10481600,123.9104995727539,8225600
38.785099029541016,164115200,51.0683479309082,20157300,100.69283294677734,8452500,86.4229965209961,23081500,61.88456726074219,11728300,121.7089614868164,6533100
40.62628936767578,150164800,51.84604644775391,15032700,102.53604125976562,8358200,89.08814239501953,20217500,62.29220199584961,12937000,125.84211730957033,5454900
39.584590911865234,163690400,51.63584899902344,15821900,102.39118194580078,7789900,87.3598403930664,18039900,63.417236328125,11288200,123.98641204833984,4915300
39.14722442626953,166674000,51.012306213378906,18163900,102.5843505859375,6868500,87.2225570678711,19189300,64.2732162475586,12857800,122.44280242919922,4933900
39.452919006347656,153594000,52.273414611816406,14882900,103.1477508544922,6119400,88.81353759765625,13274600,64.63192749023438,10036400,124.31541442871094,4209400
39.19425582885742,150347200,51.299560546875,17891100,100.2581787109375,8916900,87.10139465332031,18822500,63.09927368164063,12017200,121.37155151367188,5397500
39.59635925292969,121112000,52.560672760009766,15999200,103.30875396728516,8035000,88.29666137695312,14050700,63.96344375610352,11933100,122.35846710205078,4845700
40.3535270690918,138422000,52.45556640625,13122200,104.9668426513672,7717100,89.63732147216797,15302600,64.4444351196289,9030800,122.45963287353516,6188200
40.633331298828125,107732800,53.26129531860352,14200000,105.20832061767578,5621700,90.81430053710938,16627000,64.2406005859375,7864700,124.94799041748048,4584800
39.5940055847168,140021200,52.45556640625,14299600,103.10753631591795,6399300,88.54962158203125,18906000,63.93899154663086,8300800,120.61239624023438,5707400
39.986698150634766,116070800,52.45556640625,11103100,104.21829223632812,6395800,89.61295318603516,15974300,63.7188606262207,9031200,120.68836212158205,4050800
40.73916244506836,113634400,53.99694442749024,19006100,104.83806610107422,6019300,91.32568359375,13951400,63.89005661010742,6779000,124.91425323486328,3991600
40.5486946105957,89726400,54.24915313720703,13734000,104.33901977539062,4575400,89.79156494140625,14503300,63.808536529541016,7143500,123.81769561767578,3218900
40.94843673706055,91557200,54.10204315185547,13270400,104.98294067382812,4559800,92.02375793457033,16435500,63.417236328125,8282300,126.64349365234376,3958000
41.08717346191406,100497200,54.53642654418945,10925000,105.13587188720705,4742300,89.53178405761719,39152800,63.89005661010742,6198500,126.7193832397461,3603200
41.3434944152832,86313600,55.0268783569336,10743600,106.05347442626952,6379600,89.45875549316406,16580500,64.08572387695312,5962200,128.3304901123047,3055600
41.91254425048828,106421600,54.87972640991211,10478100,105.07150268554688,11008700,89.45875549316406,15501400,63.93899154663086,6492400,129.31735229492188,3817200
41.81848907470703,83018000,55.50328826904297,12061400,102.8016586303711,9383600,88.73631286621094,16081400,63.75146865844727,7349400,131.54417419433594,3087100
40.633331298828125,139235200,55.6434211730957,11291500,102.66485595703124,5959500,90.6844253540039,17911000,61.667362213134766,16955600,131.33328247070312,4013200
38.968505859375,261964400,55.349159240722656,12072200,101.948486328125,7743900,90.48149871826172,15584400,60.72118377685547,14085000,129.91757202148438,4057800
38.85564422607422,146062000,55.74850463867188,11729800,102.08531951904295,7501900,90.04316711425781,11285800,60.06294631958008,13653400,130.544921875,5350300
38.31480407714844,134768000,54.89373397827149,14102000,101.57018280029295,6577500,89.62110137939453,16453100,59.65155792236328,16551700,122.44889831542967,24122300
38.48175430297852,113528400,55.699466705322266,13867500,102.02894592285156,5859600,89.28014373779297,13548200,59.48700714111328,14208800,123.084716796875,9963700
38.61578369140625,111852000,56.652320861816406,14554400,103.03507232666016,8211100,89.36946868896484,10299500,59.85725402832031,11204300,124.03418731689452,6558900
38.16901016235352,142623200,54.50139999389648,16346800,103.24434661865234,4266800,88.80123901367188,9384000,59.9066162109375,8144800,122.68626403808594,3860600
38.86033248901367,169709600,54.47337341308594,15028800,101.81165313720705,8219400,88.29798889160156,13744900,59.51992034912109,13076500,122.3810806274414,4764800
39.76329803466797,214277600,53.91288375854492,16231000,101.42528533935548,5122600,88.29798889160156,10503400,59.207252502441406,8103800,122.43195343017578,5004400
41.51985168457031,266157600,53.80778121948242,13883700,99.40499114990234,7390800,87.59990692138672,12162100,58.3680419921875,10830900,121.9571762084961,4637600
41.595096588134766,136272800,53.6256217956543,12243100,99.02669525146484,7282900,87.04796600341797,15379100,58.71359634399414,9386500,121.88941192626952,7703200
43.227012634277344,224805200,53.87784957885742,9887200,99.96038055419922,6127600,88.0138931274414,11967900,59.59396362304688,8107400,124.08509826660156,4678400
43.53976058959961,169805600,54.46635818481445,15071500,99.4774398803711,6707900,88.77690887451172,9356700,59.22371292114258,6633600,127.00982666015624,6844600
43.74904251098633,113611200,54.71157836914063,17430400,98.6886215209961,5951800,90.09187316894533,12543200,58.779415130615234,8084100,127.10303497314452,3853600
44.057090759277344,92844800,56.00072860717773,17142100,99.4130630493164,6808600,92.05621337890624,11368100,59.54460144042969,7528400,129.37503051757812,4668200
44.6872673034668,111957200,57.25484848022461,17710300,100.8940887451172,4948000,92.77051544189452,9159700,60.1863899230957,7618500,130.52798461914062,3911000
44.5173225402832,104848800,57.52378082275391,14751000,102.41531372070312,5716700,92.42149353027344,10253000,60.36738586425781,7586200,131.28245544433594,3507900
44.41345977783203,83115200,57.91303634643555,11852100,101.46553802490234,6101600,92.4539566040039,8710700,60.2933235168457,8646900,131.6385498046875,3563900
44.009796142578125,94780800,57.88471603393555,12595700,100.71696472167967,5875700,91.7477569580078,11536200,60.02181243896485,11502800,129.3580780029297,4127200
44.420528411865234,76732400,58.04750061035156,9570000,100.8940887451172,3818100,91.99938201904295,7571100,60.4990234375,8325000,130.3838348388672,2693400
44.1396369934082,69176000,57.948429107666016,11224100,99.68670654296876,6473400,91.69093322753906,8617200,60.85282516479492,8053600,130.2906494140625,2885800
43.97910690307617,73190800,57.53794860839844,10030900,100.00061798095705,5433900,90.20549011230467,11806300,60.43321228027344,7042700,132.0030517578125,3889300
44.29070281982422,73603200,58.23150634765625,8822400,99.58208465576172,5558700,91.0334701538086,9441900,60.93510818481445,6428400,134.7243194580078,5849700
44.17975997924805,60962800,57.778564453125,10753400,98.93009948730467,7172700,91.73151397705078,11507600,60.91041946411133,7744200,132.41847229003906,3512400
44.46302795410156,80233600,58.139495849609375,15140900,99.36476135253906,4940800,91.3094253540039,11453900,61.03383255004883,6592500,133.72396850585938,4010000
44.41345977783203,92936000,56.8089714050293,13360500,98.39886474609376,6923600,90.28668212890624,14084800,60.69649505615234,6508900,133.69004821777344,2891000
44.51495361328125,69844000,55.70493698120117,14562000,98.49620056152344,4594800,89.8239974975586,8283500,61.14079666137695,7546500,132.12171936035156,2359700
44.35444259643555,90056400,55.49968338012695,14644800,96.81769561767578,9821900,85.98461151123047,30643800,60.9268913269043,8905600,130.23126220703125,3795800
44.26001739501953,74762000,57.67947769165039,16627500,98.09073638916016,6423700,87.9489517211914,17490800,61.61799621582031,8128600,131.7910919189453,2688200
44.11130142211914,109931200,57.49545669555664,15803100,96.99610137939452,10337500,86.86125183105469,19808200,60.20281600952149,15526000,128.7816162109375,4546000
44.90681457519531,93770000,57.91303634643555,9906100,98.32589721679688,5741000,87.98954010009766,13594200,60.43321228027344,7209300,130.14649963378906,2755500
45.28213119506836,105064800,57.30436706542969,10954700,98.8853988647461,4853000,88.03010559082031,9415400,61.03383255004883,8743800,129.28175354003906,2470900
45.63149642944336,86264000,57.0991439819336,12059300,98.50428771972656,5125400,87.53496551513672,10415200,60.861061096191406,6910100,129.714111328125,2916600
45.78965377807617,83734400,58.0758056640625,11603300,99.56651306152344,6799300,89.58047485351562,15453600,61.17370223999024,7002900,132.68124389648438,3689300
45.66689682006836,85388800,58.65614318847656,13502500,100.00440216064452,7414100,89.93766021728516,13444400,62.33382797241211,13476100,132.49473571777344,3149100
45.25144577026367,106627200,59.16571044921875,14350400,100.59632110595705,6208100,90.18927001953124,10383200,63.50216293334961,13625300,131.67245483398438,3254100
45.14049530029297,73234000,58.81182861328125,10831600,99.46112060546876,5571400,89.9620132446289,12642900,63.79014587402344,9049400,132.5032196044922,2758300
45.38835906982422,67644400,58.33058166503906,12351800,99.36382293701172,5227300,89.44248962402344,15294100,63.551551818847656,8786000,133.51205444335938,2595600
45.01538848876953,86553600,57.68655014038086,12049300,99.43678283691406,5836900,89.263916015625,14979700,62.91800308227539,8022400,131.1553192138672,4189300
45.03898620605469,86440400,57.95549392700195,11477300,99.25841522216795,5239200,87.68920135498047,20487300,62.5230598449707,8895200,129.82432556152344,3967600
44.57633590698242,246876800,57.08500671386719,23797500,99.42056274414062,13173500,87.58368682861328,26028600,63.66672897338867,14943500,127.17935943603516,8852500
44.55271530151367,73939600,57.19822692871094,9192600,98.37458038330078,6787400,87.81095886230469,9786800,62.399658203125,7384900,126.04337310791016,3651600
43.832767486572266,134314000,57.11329650878906,8759700,99.38810729980467,8572400,87.2995834350586,12707200,62.80281066894531,8514000,121.48250579833984,6792000
44.02396774291992,82514800,56.93635177612305,8917700,98.95838928222656,6277200,87.29147338867188,8876900,62.40787124633789,6603500,121.33836364746094,4128300
43.77847671508789,102847600,56.39849853515625,10990700,98.47996520996094,4417200,87.26712799072266,11048700,62.89332580566406,8691200,118.28644561767578,5914900
43.6509895324707,108801600,57.59454345703125,16012200,99.60706329345705,9501400,85.83849334716797,19478900,63.70786666870117,11446400,118.63406372070312,5114700
43.00185394287109,126652400,56.43388366699219,10557200,99.40435791015624,8170500,85.05925750732422,16907600,64.00407409667969,11300500,115.78562927246094,6078200
43.535343170166016,98276800,57.070831298828125,10382800,99.2097396850586,5496400,85.1160888671875,17086800,64.1768569946289,9558500,114.90393829345705,4285300
43.47161102294922,101141200,57.82809829711914,12725900,98.60970306396484,5666000,83.80109405517578,16276800,63.92178726196289,7873300,114.11553192138672,5665000
43.787899017333984,69460800,58.01210784912109,9390700,98.92594146728516,5296800,85.17291259765625,14491300,64.2179946899414,5714400,115.31932830810548,4215900
43.69585418701172,90950800,58.54997634887695,17323200,98.39076232910156,7308700,84.58032989501953,18972400,64.22621154785156,7679900,115.01419067382812,4107900
44.184478759765625,70925200,57.86348342895508,9998300,98.58538055419922,5481400,85.29466247558594,11130000,64.28380584716797,6092800,115.53974151611328,3172600
43.41493988037109,55819200,58.20318603515625,7197300,99.50165557861328,4248100,84.10143280029297,8311700,64.09457397460938,5897200,113.45429229736328,1837400
43.76430130004883,66416800,58.252723693847656,9035700,101.3585433959961,7319100,84.64823150634766,10723400,65.17243194580078,7956100,115.13285064697266,3366300
44.3709602355957,69940800,58.26689529418945,7637100,101.9666976928711,7297900,84.92572021484375,12173700,65.25469970703125,7244000,114.79376220703124,3179600
44.98705291748047,79026400,58.67031097412109,7158600,102.20994567871094,6706100,87.55362701416016,13900800,64.0616683959961,9095900,119.50721740722656,5562300
44.932762145996094,63756400,59.20817947387695,8806200,103.28839874267578,5075600,87.01499938964844,14575900,65.67430114746094,12773500,119.74457550048828,3761700
44.34971237182617,75326000,58.45087814331055,10405300,102.364013671875,4827400,86.82728576660156,10186500,65.13129425048828,7851600,115.9382095336914,5231700
45.093292236328125,72164400,58.52167510986328,9762200,103.59654998779295,6199000,87.20269775390625,12456800,64.90912628173828,8556800,118.19319915771484,4250800
45.16410446166992,50055600,58.9604606628418,8720000,102.11265563964844,8250200,86.80281066894531,21289100,65.25469970703125,6021300,119.3207015991211,2838700
45.0649642944336,60172400,58.38011169433594,8306900,101.10716247558594,7314400,90.24683380126952,24662600,65.43570709228516,6931200,117.05719757080078,3723100
45.19243240356445,62138000,58.252723693847656,7373300,104.6912078857422,12858700,90.18155670166016,14821900,65.84708404541016,8983400,117.79473114013672,3306000
44.944583892822266,65573600,58.18904876708984,8711900,103.62898254394533,7152000,91.02217864990234,14244900,65.59204864501953,9105100,119.63440704345705,4394800
45.293941497802734,81147200,58.0404052734375,8659100,102.1207504272461,5984600,89.68372344970703,16775300,65.36537170410156,8010600,118.91791534423828,3576700
45.19007110595703,82704800,57.60871124267578,9196300,102.04777526855467,5835500,90.81812286376952,13578100,65.32386016845703,8234700,116.70024871826172,5247000
45.23019409179688,63957600,57.60871124267578,8425900,102.68028259277344,4631100,92.50747680664062,18140000,65.18273162841797,5881600,116.23963928222656,3542300
45.55830764770508,74791600,58.74814987182617,11121000,104.8939437866211,7158800,93.16039276123048,14000400,65.58123779296875,8297100,117.6811294555664,5064700
45.98793411254883,66839600,59.15861129760742,9523600,104.2938995361328,6523000,94.0010223388672,13329100,65.9797592163086,6208400,119.82202911376952,5041800
45.84392929077149,76304000,59.6186408996582,13210100,105.63992309570312,7640600,93.73167419433594,11897800,66.49452209472656,9771100,121.6132354736328,5385600
45.08148193359375,96096000,57.97672653198242,18220800,106.66973114013672,6620400,94.69470977783205,12802700,66.90132904052734,7492900,121.59615325927734,4649400
44.82890701293945,84118000,57.84932708740234,11282800,107.17245483398438,11013100,95.26602172851562,13411600,66.5858154296875,7090700,119.19938659667967,13837700
44.918601989746094,157492000,57.68655014038086,11716800,107.45626831054688,7598900,93.8132781982422,15843800,67.15037536621094,9878200,122.65382385253906,7608700
47.56477355957031,271742800,56.89391326904297,8936300,107.5535659790039,5770400,94.39273834228516,13531600,66.9594497680664,7556700,118.1673583984375,6364500
48.955116271972656,249616000,56.55420303344727,8364300,106.42648315429688,6563300,94.79265594482422,11058100,68.08029174804688,9261700,117.71524047851562,4195000
49.09674453735352,133789600,56.75944900512695,7811100,106.9940948486328,6498700,95.5597915649414,11016100,68.3542709350586,7102800,118.14170837402344,3594100
49.3516960144043,101701600,56.74529266357422,10041800,107.05081939697266,5840000,95.58428192138672,9857400,68.51201629638672,5669200,118.96906280517578,3125200
48.8890380859375,102349600,57.516700744628906,10698100,106.59677124023438,4664600,95.93523406982422,10562100,68.61163330078125,6418000,121.4426498413086,4813000
48.92207717895508,90102000,57.13454055786133,7275000,106.36158752441406,3721500,96.13107299804688,8997100,68.37086486816406,4891300,119.1652603149414,3435100
49.30685424804688,93970400,56.844364166259766,9828500,106.38591766357422,4057800,95.3884048461914,9694200,67.58214569091797,5167400,118.15025329589844,3338500
49.15997695922852,98444800,56.78716278076172,12954300,106.02103424072266,4324000,94.44988250732422,12630600,67.6070327758789,5566000,115.93258666992188,6268600
49.47740173339844,103563600,56.172245025634766,10308500,105.59127807617188,3778000,92.94821166992188,10336300,67.68175506591797,5068100,115.1649169921875,3879400
49.68585586547852,82992000,55.99348449707031,8005900,105.00746154785156,4542800,93.56846618652344,10597600,67.50740051269531,6226900,115.07965087890624,3537900
49.80192184448242,115230400,55.01390075683594,16307800,105.76155853271484,5377300,92.79315185546876,10152100,68.32935333251953,8753500,112.60609436035156,5682200
50.531497955322266,114001600,55.771820068359375,11519900,107.42381286621094,7861500,93.66636657714844,10118600,69.48340606689453,12368000,116.22260284423828,5539400
51.54063415527344,141708000,55.95774841308594,10178400,109.0374755859375,6700900,93.66636657714844,8505100,69.48340606689453,8409300,118.84967803955078,6611700
51.03844451904297,121150800,56.35099029541016,8152100,110.9916763305664,7935000,93.54398345947266,8618700,69.4418716430664,6795800,118.2782211303711,3311100
50.9389533996582,104639200,56.36530303955078,9192200,109.75102996826172,5832100,94.11527252197266,10976700,69.65776824951172,8534500,119.40410614013672,3021400
50.94133377075195,76072400,57.17327499389648,10098200,109.15099334716795,4688400,93.82962036132812,8314700,69.23432922363281,5132600,119.09706115722656,2209500
51.04556274414063,75532800,56.544071197509766,7203900,109.55640411376952,5057600,93.63375854492188,9265400,69.10979461669922,4323200,116.67463684082033,3905300
51.20427322387695,73905600,56.9301643371582,6545200,110.23756408691406,4809400,93.59293365478516,8845700,69.20944213867188,5356000,117.88583374023438,2565400
51.62590026855469,82100400,57.48788833618164,6671900,110.13143157958984,4325900,95.24968719482422,13768000,69.27582550048828,3941500,121.1526336669922,4770900
52.04282379150391,91107200,57.40209197998047,8823400,109.64168548583984,6037500,94.78448486328124,8302600,69.30906677246094,5405200,121.11856079101562,3234000
52.819786071777344,109019200,57.81679916381836,8004800,110.08245086669922,4648700,94.47438049316406,7221700,69.31735229492188,4520400,120.99909973144533,3369900
53.305397033691406,195175200,57.566524505615234,7450900,110.15591430664062,4821900,94.00918579101562,8991800,69.25090789794922,4549700,118.6108627319336,4773300
53.921295166015625,173360400,57.32342147827149,10700000,109.94367980957033,6139500,93.51134490966795,13065700,68.86901092529297,6674900,118.43171691894533,4552200
54.09422302246094,109560400,57.40924453735352,8855000,109.15191650390624,4406800,93.97650909423828,10174200,68.66146087646484,5800700,117.91143798828124,3955600
53.74126815795898,133332000,58.17430877685547,13878400,110.8987274169922,6174800,93.51950073242188,11462400,69.15129852294922,7651900,119.91586303710938,4579400
52.84821319580078,137160000,57.530792236328125,13320600,111.7231674194336,6562000,93.11959075927734,9877600,68.61993408203125,7541100,120.7517547607422,4588100
52.421836853027344,150479200,58.5103759765625,16417800,112.09050750732422,6375200,93.29913330078124,10955600,68.00556945800781,11110900,120.53852081298828,4173400
51.71828842163086,158066000,58.424564361572266,10817900,112.00072479248048,4892200,92.80130004882812,8276900,68.3957748413086,6783000,121.16116333007812,3069100
53.02588272094727,142996000,59.246849060058594,11891900,113.0618133544922,7856800,93.38890075683594,9333800,68.08857727050781,5210300,121.14409637451172,2583200
52.36735153198242,197114800,59.43989944458008,11556300,113.75568389892578,6767700,92.28716278076172,10800800,69.0018539428711,5925200,123.06322479248048,5630600
53.63228988647461,166825600,58.860721588134766,11162700,114.18830871582033,6456100,92.64623260498048,12470800,69.28413391113281,5328400,124.13796997070312,3670700
53.02351379394531,127997200,59.28974914550781,9442600,113.86182403564452,4534800,92.6299285888672,10337900,69.41697692871094,5004100,123.59205627441406,4699600
51.6116943359375,148780400,59.64010620117188,8403300,114.2454605102539,5295500,92.90740966796876,9561300,69.94833374023438,7098800,124.71793365478516,3827100
51.69698333740234,126286800,59.797401428222656,9219900,114.71888732910156,4581200,93.28282928466795,7944200,69.74078369140625,6022800,127.14884948730467,4496400
51.727760314941406,108495200,60.512428283691406,10413600,114.65359497070312,5049900,95.99234771728516,16052800,69.74078369140625,6157600,130.2962188720703,6000100
52.12098693847656,106435200,60.64828872680664,11198200,115.89430236816406,5019300,96.8166275024414,15590000,70.86992645263672,10053000,133.05975341796875,6774100
51.55958938598633,384986800,60.898529052734375,26639400,116.62896728515624,13283400,96.18003845214844,24788200,71.25181579589844,17402500,133.38389587402344,5932100
52.301025390625,110773600,61.92103958129883,13549500,114.66175079345705,6708000,95.25782775878906,12492500,69.96493530273438,6389400,131.35389709472656,3844500
52.63265228271485,98217600,61.84951019287109,12200700,113.16796875,7982800,94.98851776123048,9308300,69.0101547241211,5657200,131.43063354492188,3454600
52.21338272094727,95938800,61.33471298217773,10275500,112.7761459350586,7133300,93.87043762207033,14023600,69.12640380859375,6581000,130.64596557617188,3096100
53.28644561767578,120724800,61.32756423950195,7895400,112.8251724243164,6450500,93.4623565673828,13283000,68.79431915283203,6277600,130.0488739013672,2674100
53.47359848022461,91717600,60.79127883911133,9884900,112.7843246459961,6638500,92.09127044677734,15815100,69.10149383544922,5125800,130.06591796875,3599900
53.833641052246094,94403200,61.35616302490234,8566900,114.02506256103516,4871800,92.6299285888672,10146300,69.466796875,4899900,129.88682556152344,3736300
54.31214141845703,99152800,61.8209228515625,8453100,114.6698989868164,6439100,93.01350402832033,13753100,70.03966522216797,7390900,132.05331420898438,4344000
54.97304534912109,114619200,61.59927368164063,10206700,113.486328125,5411800,93.8867645263672,17142000,68.9354476928711,7958700,134.953369140625,6043300
54.00656509399414,128168000,61.19171524047852,10204600,113.74752044677734,4738700,94.73322296142578,16357400,68.01387023925781,7029900,133.69947814941406,4130800
53.13010025024414,134322000,61.02009582519531,9217400,113.54346466064452,4309300,94.19905853271484,13777600,68.204833984375,5454600,130.76535034179688,4955100
53.00694274902344,118655600,61.5849723815918,13242400,113.7801742553711,5174100,94.77433013916016,14370900,68.41239166259766,7192300,130.79945373535156,3463200
53.74126815795898,107564000,61.85665512084961,10177900,113.62508392333984,4475300,94.1168441772461,14069500,68.24633026123047,6268100,127.48147583007812,4996900
51.25164031982422,167962400,60.43377685546875,16573400,112.42518615722656,7265600,91.61026000976562,23086400,67.6153564453125,9295800,122.58558654785156,9419300
50.79919052124024,212497600,58.34590148925781,20320100,109.24987030029295,11603200,88.86534118652344,33705600,65.48162841796875,12560300,120.23999786376952,7608300
52.613712310791016,161351600,58.1885986328125,15216300,109.27435302734376,6998000,87.89554595947266,32075700,65.63936614990234,9878700,121.17820739746094,5596200
51.4885139465332,123164000,57.78819274902344,10558800,109.33965301513672,6398700,87.39422607421875,18903200,66.52772521972656,9691500,120.94791412353516,3741700
52.623172760009766,116736000,58.05989456176758,9781800,111.47010803222656,9592800,89.26800537109375,19302800,67.25833892822266,9462600,122.57707214355467,3573400
52.39577865600586,91541600,58.2744140625,12247700,113.83732604980467,8261100,90.26244354248048,18794500,67.96405029296875,10375300,120.55558776855467,4807500
51.17110061645508,130325200,58.52467346191406,17448600,113.8699951171875,7583900,88.83244323730469,17582500,67.20770263671875,9869500,115.8302764892578,10250200
51.950443267822266,132314800,58.61046600341797,12098700,113.50263214111328,5924800,88.68452453613281,15234500,73.12105560302734,30276400,112.72291564941406,7055100
52.267860412597656,115168400,58.0241584777832,9474100,113.20059967041016,4864300,87.41069030761719,16199100,72.53473663330078,14124100,110.48251342773438,7858900
52.760555267333984,155071200,57.08747482299805,15465100,113.40470886230467,8282700,86.49842834472656,21407500,73.0037841796875,16269500,102.13043212890624,24113300
50.950801849365234,163702000,55.50011444091797,16085700,112.21292877197266,8279200,84.88763427734375,23168900,74.93025207519531,26703500,96.4307632446289,15304200
52.06651306152344,119423200,55.99348449707031,12315500,113.02919006347656,9720700,86.17790222167969,17464700,74.5449447631836,14647000,99.2548599243164,13568900
51.237422943115234,189033600,55.43576431274414,18160100,111.80477905273438,11371400,84.99443817138672,19174900,73.590087890625,14335900,98.75699615478516,10820400
50.27568435668945,183742000,55.092559814453125,15707000,112.27821350097656,6783000,86.1697006225586,18445200,73.90836334228516,12878900,97.83850860595705,8069600
50.52679443359375,146640000,56.32954788208008,17758200,114.89031219482422,9646200,87.6900863647461,18019700,74.70407104492188,13844000,100.82569122314452,8057600
51.843841552734375,153435600,56.97307968139648,16629100,114.26994323730467,9968900,89.59674072265625,20860000,74.27690124511719,13362400,104.13907623291016,10341300
52.639766693115234,233292800,57.680938720703125,14159300,114.94741821289062,6913500,89.56387329101562,13065000,75.03910827636719,9732400,107.04041290283205,10138900
49.14812850952149,365314800,58.59616470336914,19350400,114.83314514160156,7673200,89.07080078125,19009200,75.22338104248047,11336000,107.97603607177734,7683900
47.75290298461914,264654800,58.37451553344727,15815000,116.07392120361328,5601400,89.6542739868164,10276400,76.38763427734375,12270100,108.50822448730467,4844200
48.26929473876953,127531600,58.62477111816406,9063200,116.3759536743164,5798900,90.07341766357422,10825000,76.64728546142578,8857800,111.01470947265624,4728200
49.73321533203125,133697600,59.3683967590332,12699800,118.1553726196289,7173600,91.61846160888672,12679600,76.46302032470703,9019800,115.96760559082033,7551900
49.5597038269043,101450400,58.424564361572266,16865500,118.60432434082033,5497100,92.35814666748048,11662500,76.5216293334961,6614400,112.78298950195312,6269400
48.60411834716797,137463200,58.41012191772461,15070100,118.6369857788086,5343100,91.46231079101562,10432200,77.4011001586914,10713500,108.93741607666016,7248400
46.155723571777344,204542000,57.6589469909668,11906600,118.86553955078124,7013600,89.53922271728516,13279700,77.64399719238281,12522100,107.29792022705078,5870100
45.694583892822266,187531600,56.33719253540039,15530200,118.09825134277344,7432300,90.0652084350586,13746100,78.28894805908203,13438700,108.1219482421875,5820200
44.40382385253906,243204000,55.89662170410156,18552100,117.74728393554688,6433100,88.20787048339844,18361400,78.30567932128906,11623000,107.3837661743164,5516300
45.49965286254883,185915200,56.47441864013672,18976000,117.95130920410156,6657900,90.45970916748048,19100000,78.59049224853516,12506000,111.09194946289062,5815200
46.00359344482422,147713200,57.03057861328125,13704900,119.1675796508789,8494300,90.3939437866211,13798600,78.58209991455078,13013500,111.55548858642578,5957700
44.18037414550781,167701200,57.2183723449707,9430800,120.58790588378906,8714600,91.08428955078124,13987000,78.13816833496094,9458300,108.13912963867188,5385600
42.06953811645508,271300800,55.59326934814453,15533700,119.54307556152344,8937700,89.1282958984375,18936200,77.14146423339844,12074000,104.95452117919922,7746200
42.0219841003418,124496800,56.01940155029297,9685300,115.90248107910156,10275400,88.46263122558594,10619600,76.56351470947266,8911800,106.3279266357422,4759500
40.95467758178711,94496000,54.5242919921875,10875400,116.098388671875,3404900,87.64900970458984,6488400,76.67240905761719,4399600,104.99742126464844,3130100
41.50854110717773,179994000,55.60047912597656,13741100,116.13125610351562,7590900,89.79399871826172,13948300,77.0074462890625,8171400,107.12625122070312,4696600
41.418216705322266,165549600,55.65103912353516,10344500,117.65096282958984,5962100,90.17204284667967,9238200,77.66073608398438,9023400,106.95455932617188,4049400
43.0108528137207,184250000,56.662208557128906,11482100,120.29612731933594,8411400,91.17467498779295,13977300,77.90365600585938,8093700,112.25078582763672,5745200
42.68044662475586,167080000,57.10280990600586,10255200,119.81147003173828,6900000,90.45145416259766,11144300,77.74452209472656,6126900,111.78724670410156,4999600
42.44986724853516,158126000,57.42061614990234,14040100,120.67398834228516,12517600,91.38014221191406,18652700,79.16004180908203,16291800,116.45687103271484,8458200
43.93315887451172,163210000,58.66292190551758,19415100,120.107177734375,8827200,92.24305725097656,16034500,78.1633071899414,13934700,119.2723388671875,9365800
42.000606536865234,165377200,57.37004852294922,18540700,119.95932006835938,9803500,88.12567138671875,23555900,78.1549301147461,11123600,111.00614166259766,8113400
41.532318115234375,172393600,56.618896484375,23218100,119.8607177734375,11572500,86.44913482666016,27213900,78.35595703125,14199200,110.1906509399414,6595200
40.051387786865234,169126400,56.07719421386719,16224700,119.46642303466795,9444500,84.88763427734375,19248600,77.43460845947266,7996800,106.05326080322266,6413700
40.31523895263672,248104000,55.28268814086914,17946200,119.3267593383789,6848100,83.30146789550781,23636400,77.92041778564453,9307600,105.91590118408205,5970900
40.08467483520508,189126800,55.38380813598633,15742400,120.34539031982422,9857400,82.48786926269531,16860700,78.65746307373047,8743800,105.7871551513672,4449900
40.19639205932617,142510800,54.90708541870117,14559800,120.8382797241211,8869200,83.02204895019531,22621500,78.75798034667969,9644000,107.61550903320312,5544100
40.63614654541016,127594400,55.60047912597656,13749700,121.4461441040039,6008300,83.10420989990234,17250900,80.81841278076172,18541300,108.07047271728516,4544100
39.33588790893555,162814800,54.58930587768555,12669300,109.25555419921876,58140200,82.42212677001953,19879500,80.944091796875,12657300,108.8172607421875,4483300
38.969818115234375,177151600,53.47700119018555,15464100,106.08466339111328,36933100,81.37013244628906,25113500,77.7026138305664,12427600,106.84295654296876,5662300
39.47613906860352,135366000,52.00357437133789,18681200,107.13615417480467,24640100,80.98389434814453,20837200,77.46810913085938,12250600,106.67129516601562,5377900
38.24481201171875,196189200,51.12238693237305,21679600,104.82782745361328,21232100,79.95658874511719,28767900,76.85668182373047,10825600,105.00604248046876,6416500
37.27971649169922,259092000,49.56952667236328,28723700,105.36997985839844,16609600,79.26624298095703,31825200,76.2033462524414,14439200,104.33649444580078,7563500
35.82969284057617,382978400,49.2011604309082,47287300,105.22212982177734,19732900,77.39246368408203,41313900,76.19498443603516,24030000,103.06608581542967,10034100
34.90264129638672,148676800,47.316036224365234,14262800,100.9094009399414,7531900,75.72413635253906,17009300,73.17131805419922,7396300,100.38792419433594,2986600
37.360538482666016,234330000,49.57673645019531,24887700,104.0885009765625,9253000,78.86356353759766,22542900,75.4579086303711,8630900,107.0918960571289,5093700
37.11807632446289,212468400,49.793418884277344,22077000,104.66353607177734,9918700,79.75113677978516,20304700,77.07445526123047,11360100,108.73141479492188,4599000
37.1370849609375,169165600,49.237266540527344,19710600,104.54851531982422,6537200,79.57855224609375,17963300,76.37085723876953,9611800,107.8215103149414,3813500
37.49603271484375,140014000,49.2517204284668,15807000,106.01075744628906,7409900,80.2278060913086,13237200,76.99066925048828,7239500,109.07476043701172,3455200
37.538818359375,148158800,50.33513259887695,16727200,104.94283294677734,7631700,81.61670684814453,15670900,76.45464324951172,9843900,108.48247528076172,4783200
33.7996711730957,365248800,49.56229019165039,13866100,103.27522277832033,8654500,80.456787109375,16286400,75.91857147216797,9820200,104.30216217041016,6165800
35.242557525634766,234428400,51.3896369934082,16043600,105.008544921875,8831700,83.42286682128906,16935200,77.46810913085938,10565700,110.00179290771484,5456600
35.164119720458984,219111200,51.656883239746094,10844200,104.33493041992188,8404700,83.48088073730469,15430700,77.158203125,9012500,110.07048797607422,4653400
35.8344612121582,164101200,52.03246307373047,11439000,106.7582778930664,9351600,83.32344818115234,13578800,77.44297790527344,9551300,111.39241027832033,4202600
36.4429817199707,180396400,52.30692672729492,13473500,105.91216278076172,7403500,83.1825942993164,14230300,76.17822265625,15015600,111.82158660888672,4865600
36.55947113037109,143122800,52.03968048095703,13151100,106.55290222167967,6224400,83.17431640625,14376100,76.36249542236328,11102300,114.1306610107422,3418500
36.20052337646485,108092800,51.80131912231445,9790100,106.58578491210938,5300400,82.77661895751953,15439900,76.86504364013672,7166600,113.39244079589844,2908600
35.65616989135742,129756800,51.736324310302734,11012400,105.37820434570312,7374400,83.62995910644531,21258500,76.34574890136719,7952000,113.13488006591795,4482300
36.38594055175781,114843600,51.76520156860352,10298300,106.26541900634766,5194400,84.24309539794922,26504900,77.06609344482422,7834500,112.18212890625,3224100
36.8304557800293,122278800,51.74355316162109,12595600,105.18106842041016,6264200,84.92245483398438,18533000,76.53003692626953,7964500,113.01473236083984,3636900
37.04914474487305,119284800,52.09747314453125,10141700,106.04359436035156,7632000,85.27045440673828,14247600,76.51903533935547,8044500,115.48686981201172,6878500
37.27733612060547,135004000,52.71860885620117,15759200,107.3579559326172,10593000,86.65406036376953,16428700,77.1775131225586,9100300,118.0094985961914,6122400
36.44060516357422,121576000,51.92411804199219,15035600,105.80536651611328,10568100,85.28704833984375,17083700,76.35018920898438,13518500,114.24288177490234,5188700
36.587982177734375,92522400,51.497989654541016,13187200,105.80536651611328,9267800,85.0716323852539,12146700,80.0647201538086,22869000,113.8800277709961,3123600
36.29798126220703,101766000,51.57021713256836,11272500,104.35137176513672,9917000,85.12129974365234,11296800,79.60885620117188,12146400,114.6661605834961,3943600
37.50079345703125,134142000,51.80131912231445,8996200,105.3371353149414,7585100,85.65984344482422,14369400,79.01789093017578,10618000,118.23410034179688,6417400
37.15372085571289,104768400,51.45463943481445,13678400,105.96143341064452,6927700,86.06581115722656,12283100,78.95037078857422,9765600,107.44393920898438,17421400
36.76863479614258,166348800,51.64966583251953,10513200,107.06224822998048,6669300,86.30609130859375,9743300,78.96726989746094,9769800,109.3099594116211,8550800
39.28120803833008,244439200,52.21303176879883,11524700,108.13835144042967,7299300,86.50492858886719,12526300,79.79456329345703,7750200,112.40276336669922,7181600
39.5640869140625,162958400,52.92808151245117,19876700,109.3212661743164,17298100,85.75099182128906,17520600,81.44076538085938,16044400,115.03768157958984,6643300
39.58309173583984,130672400,54.83486557006836,22968700,110.2413101196289,9575200,86.06581115722656,13000800,82.28497314453125,12720800,113.0938720703125,5646700
40.70746994018555,125982000,54.04038238525391,15483800,109.15695190429688,7759000,86.37235260009766,9871500,82.75774383544922,11887500,113.0679702758789,4541700
41.40394592285156,144406400,54.596527099609375,12786700,109.15695190429688,6449800,85.99124145507812,12763000,82.25965881347656,9772300,114.03550720214844,3614500
41.418216705322266,112958400,54.35817337036133,10866900,109.25555419921876,5066100,85.94984436035156,8745000,82.66486358642578,8693900,112.77423095703124,3098200
40.6337776184082,126966800,53.93925094604492,14418900,108.47516632080078,6085300,84.82305145263672,13177500,82.00638580322266,8732500,111.25374603271484,3682100
40.68151473999024,95280000,54.02689743041992,11959500,108.7626495361328,4436700,83.97795867919922,12892600,82.48759460449219,7483200,111.0982666015625,3135000
40.44755554199219,83973600,54.114505767822266,10434800,108.43406677246094,4962200,83.58027648925781,10978500,82.96033477783203,8494100,111.3833236694336,2648100
40.79610824584961,89134000,55.06391143798828,12599200,110.20846557617188,6262300,85.00531768798828,12852300,83.79612731933594,11238800,114.61434173583984,4505600
40.62661361694336,89960800,55.68466567993164,13214600,110.44669342041016,7902200,85.41130065917969,10754100,83.77924346923828,11587200,114.98582458496094,3189600
40.77462387084961,87342800,55.69926071166992,12772900,110.33165740966795,3910400,84.8561782836914,11518500,83.12075805664062,7930100,114.5711669921875,2877500
40.68390655517578,98507200,56.75087356567383,14330300,112.03211975097656,6665000,87.4494400024414,14716900,83.13763427734375,12069100,117.66393280029295,5217500
40.805660247802734,75891200,57.13063049316406,13551500,111.46531677246094,5935500,87.14286804199219,12764900,84.4123764038086,10098200,117.31839752197266,3881300
41.06826400756836,104457600,57.34971618652344,12633100,112.00746154785156,6089800,87.56542205810547,10030300,83.81299591064453,8947400,121.21458435058594,6199000
40.836700439453125,68998800,56.831199645996094,10266000,111.24351501464844,6665500,87.38316345214844,8400100,84.235107421875,7444800,119.97918701171876,4051100
41.29265213012695,75652800,57.26939392089844,9519300,112.21283721923828,5223900,86.99375915527344,10647300,84.63186645507812,7925400,119.80640411376952,3485000
41.593448638916016,87493600,57.32780075073242,9274400,112.62629699707033,6846600,87.90510559082031,11230700,84.05782318115234,7436100,122.16490173339844,4444100
41.61732864379883,68280800,57.44466018676758,10990600,112.55188751220705,5106900,87.23401641845703,15465400,84.27731323242188,7115300,119.20166778564452,7275600
41.74624252319336,111341600,58.03620147705078,12398200,112.35343170166016,4378100,87.12629699707031,9968800,83.50064849853516,6013600,120.58392333984376,3441000
41.33562850952149,112861600,57.71485137939453,14597900,112.9901351928711,10133200,86.4635009765625,15156900,83.19672393798828,10575400,118.6487808227539,4024000
41.770111083984375,103544800,58.42323684692383,15419400,114.40418243408205,5641600,86.5215072631836,13813300,83.10386657714844,7733200,118.7611312866211,3811000
41.98019790649414,109744800,58.64963150024414,18089900,114.51165008544922,8377700,86.3226547241211,12466300,83.46685791015625,6895300,119.5212860107422,3859800
41.903804779052734,78949600,58.562007904052734,13745500,114.75145721435548,6568900,86.2563705444336,10856600,83.65259552001953,6274600,118.47600555419922,3122900
41.662689208984375,83241600,57.897438049316406,18633600,115.01605987548828,6236900,85.93325805664062,9070800,83.51752471923828,4622300,116.48039245605467,3886000
41.18046188354492,99185600,58.54008865356445,16541700,114.31321716308594,6100400,85.31187438964844,12705700,83.19672393798828,8408600,114.72665405273438,4290800
41.27834701538086,95997600,57.70026779174805,16211300,114.16434478759766,7046700,85.34501647949219,10582400,83.07853698730469,5144500,113.47399139404295,4238000
42.70830535888672,128044000,58.2625732421875,11060900,114.57782745361328,6150400,86.4552230834961,9763200,84.0662612915039,7544400,114.99443817138672,3914800
43.18815612792969,129870400,58.42323684692383,11320000,115.09049987792967,5552900,86.19837951660156,10219100,84.46305847167969,7597500,114.45020294189452,4208800
43.37913513183594,124130000,58.941741943359375,10260200,115.2807159423828,6446900,86.48834991455078,13022200,85.41699981689453,9883300,115.33138275146484,4285200
43.861366271972656,94318000,58.74457931518555,9976700,114.13129425048828,8493600,87.27545166015625,10926500,85.53518676757812,8590200,115.4955596923828,3742200
44.431915283203125,156171600,58.53278732299805,25316400,113.7839813232422,11922500,88.27794647216797,24811700,86.48068237304688,30802700,114.61434173583984,7049900
44.88551712036133,104879200,59.21195983886719,9840600,113.42841339111328,7369600,88.80818939208984,12935500,85.69560241699219,8442800,115.84973907470705,4095400
44.52980041503906,126585600,59.05859756469727,13936500,114.47859954833984,5882500,88.48506164550781,12889300,86.02484130859375,7334100,115.8929443359375,3315900
44.9189338684082,124140800,59.3872299194336,13133600,113.52764892578124,5475700,86.59605407714844,14920700,85.87286376953125,7513800,114.90806579589844,3522100
46.57331085205078,204136800,59.73047256469727,10117000,114.19744873046876,5765100,85.22904205322266,19751000,86.52291870117188,8221000,115.81517028808594,2635700
45.60884475708008,169630800,58.773773193359375,12497700,113.2134017944336,6528800,82.65233612060547,31115200,85.82222747802734,11035900,112.1090316772461,5745800
45.05738830566406,175381200,58.36482238769531,11320400,112.96531677246094,4500300,81.96468353271484,21032300,86.07547760009766,6955500,113.49991607666016,3199800
44.59187316894531,199202000,59.124324798583984,9472800,114.58612060546876,4758600,82.784912109375,15987100,86.9703369140625,6909400,113.89730834960938,2638200
44.9929313659668,119393600,58.67154312133789,7258700,114.69359588623048,6764900,82.5031967163086,12753200,86.8690414428711,6037100,113.34439086914062,2378300
45.05261993408203,83121600,58.963645935058594,7412300,114.84243774414062,4602100,83.43944549560547,12454100,87.41779327392578,6793700,114.35517120361328,2487200
45.34625244140625,94256000,59.007469177246094,10889200,115.5949249267578,7168400,83.8702621459961,14523400,87.83987426757812,7535400,117.05054473876952,4681600
45.65421295166016,111448000,59.686649322509766,10816400,114.92510986328124,5885200,86.69548797607422,17499300,87.49375915527344,6626500,121.16275024414062,5081500
46.317867279052734,91062800,59.4310417175293,7646000,113.87496948242188,5517800,87.10972595214844,10295400,87.58661651611328,6088800,121.11090850830078,2529000
46.6353759765625,93087200,59.080509185791016,8562900,113.42841339111328,5947000,87.28374481201172,11499200,87.53594970703125,5226500,120.3074722290039,4821800
46.71654510498047,76457200,59.92033004760742,9360600,112.1053466796875,5844600,88.12690734863281,11952100,87.31648254394531,4786100,121.05906677246094,2988900
47.02927780151367,74106400,60.24166488647461,10059100,112.60977172851562,4759700,87.91820526123047,9933700,87.502197265625,4281800,121.25775909423828,2812300
47.76933670043945,103526800,60.61411666870117,9108200,112.57667541503906,4329600,88.20207214355469,8056300,88.61656188964844,8468600,120.79126739501952,2497300
47.626094818115234,143072800,59.83270263671875,8561600,112.1053466796875,5210300,87.5508804321289,9092200,88.3548355102539,5820300,117.79352569580078,3316500
47.893463134765625,86781200,59.562496185302734,10324300,112.11360168457033,4194100,87.94324493408203,10882300,88.3464126586914,5394300,118.81292724609376,3310600
47.49480438232422,83603200,59.847293853759766,9115100,111.80765533447266,4485200,88.68629455566406,11183800,88.43081665039062,5078400,119.97057342529295,2762900
47.4757194519043,111042800,59.09511947631836,16638700,112.44440460205078,5756800,92.8438491821289,25834100,88.69252014160156,6707900,121.98346710205078,4383000
47.56163787841797,70146400,58.89793395996094,8536100,112.89092254638672,5380900,91.78357696533205,15163800,89.2581558227539,5639200,121.16275024414062,3030200
47.56641387939453,102785600,59.29957962036133,7005700,114.13129425048828,10745700,92.7519989013672,11583200,89.84063720703125,8136100,122.70050048828124,2672800
48.49267578125,115627200,59.46755599975586,8311400,114.54473876953124,9543700,95.4235382080078,17791900,89.99028778076172,6778100,123.3138656616211,3469400
48.666954040527344,96783200,59.248477935791016,9493900,113.71782684326172,10485300,94.72225189208984,12501900,90.16031646728516,7248900,124.60020446777344,4504500
48.826904296875,77758000,60.54108810424805,10770600,113.9741668701172,4666500,94.83914184570312,7975900,90.12629699707033,9057200,123.74845886230467,3637500
49.53113555908203,93292000,60.89160919189453,10595100,115.68589782714844,5790500,94.95602416992188,9193100,87.70333099365234,15979800,123.44425201416016,5930500
49.45475387573242,70162400,59.70855712890625,11684000,115.10707092285156,5676300,94.79737854003906,9245700,88.1539077758789,10094800,119.70695495605467,8694400
49.00594711303711,74172800,60.04449081420898,11135000,115.47918701171876,5218100,94.84747314453124,9311800,87.80534362792969,6085300,118.31632232666016,5094700
48.7719955444336,74596400,58.78107833862305,18053500,116.09109497070312,4613600,95.56546020507812,7889300,89.99879455566406,7747400,120.83683776855467,5119200
48.84599304199219,88818800,58.40135955810547,10023700,115.63628387451172,4275200,96.94295501708984,14242200,89.08059692382812,4787600,120.82814025878906,3374300
47.9054069519043,186139600,58.62772750854492,13721500,116.76087951660156,6003700,96.88452911376952,11389100,90.52587890625,8251300,121.17578887939452,3862000
50.256874084472656,259309200,57.451942443847656,13909800,117.38106536865234,6656300,96.1415023803711,10412900,89.20812225341797,6733800,120.07196807861328,3652000
49.9298095703125,127985200,56.444149017333984,15360400,116.8270263671875,8835600,96.3502426147461,8613300,89.74371337890625,6270300,117.48193359375,5405700
50.55050659179688,83569600,56.57560348510742,12180700,117.4306869506836,5281600,96.94295501708984,8185400,90.18582916259766,4793400,120.8629150390625,4154800
49.769866943359375,129772400,56.32730865478516,13367100,117.49683380126952,5818900,96.08306121826172,9387000,89.84576416015625,4890400,118.86388397216795,4866500
48.42821502685547,155054800,56.02788925170898,13498800,115.74375915527344,6606700,94.51354217529295,15017700,89.0125961303711,6021700,116.17823028564452,5622900
48.43776321411133,105358000,56.11552429199219,11352900,115.5949249267578,4667300,94.01263427734376,9575800,89.32713317871094,5392600,114.68328857421876,4140500
47.91733551025391,139634400,56.06439208984375,13221600,114.71839141845705,5604200,93.93749237060548,12205900,88.62151336669922,6901700,114.03142547607422,5906200
47.25352096557617,164834800,56.55192565917969,11056000,114.9830093383789,4771600,93.9291534423828,13189000,90.12629699707033,5815800,114.15311431884766,5240600
44.50717544555664,229722400,55.9240608215332,12176100,113.45321655273438,5560000,91.3744888305664,13783700,90.21134948730467,7575500,108.90351104736328,8580700
45.21171951293945,146118800,55.9979133605957,10548400,113.13899993896484,7179400,92.10082244873048,10503600,89.7777328491211,7004000,110.78956604003906,4019100
45.75334548950195,106178800,56.41158676147461,8918000,113.2134017944336,6429400,91.7501983642578,10142000,90.71292114257812,5535600,110.64179229736328,2875900
45.552040100097656,132125600,56.40418243408203,8105200,114.2884292602539,6857200,92.92732238769533,9672700,91.91163635253906,9284200,110.0420913696289,4316600
45.293212890625,131516400,56.07179641723633,9279400,114.61917114257812,6915300,92.47650146484376,9570100,91.35055541992188,6370200,106.69587707519533,6122600
43.87689971923828,154449200,56.06439971923828,7154300,114.4620590209961,4771100,92.96072387695312,8518200,91.24853515625,6565300,106.40906524658205,6312500
44.71806335449219,113459200,56.32293319702149,8489900,114.2139892578125,4859000,93.27796173095705,7967900,90.43236541748048,5226400,108.59927368164062,5492900
43.80260848999024,118994400,55.81325912475586,7858300,114.74323272705078,5456800,92.5182647705078,7918900,90.72992706298828,4889700,107.39119720458984,4620400
43.05491256713867,146118800,54.50583267211914,14657200,115.5949249267578,6951800,90.6982650756836,14558000,90.76394653320312,6175600,106.26132202148438,4964900
42.88956069946289,94858800,54.73479843139648,7056400,115.60327911376952,5473300,91.59156799316406,8537300,90.70442199707033,4372100,106.81755828857422,3802500
42.71222305297852,111792800,53.63420867919922,14912900,114.12126922607422,11919600,90.59809112548828,11665500,88.80855560302734,7615500,105.67896270751952,4889400
42.508522033691406,113924800,53.30181121826172,13645200,109.34229278564452,23247400,90.34762573242188,9966400,88.57899475097656,7137300,105.58336639404295,5330000
42.7289924621582,84873600,53.16146469116211,9362100,109.99169158935548,7360600,89.37921142578125,10367800,89.54818725585938,4729200,105.896240234375,2878300
41.95492935180664,108174400,52.27507400512695,13983300,109.1924285888672,7811000,88.46086120605469,10952800,87.49081420898438,10282300,104.13188934326172,4711500
41.53076553344727,161584400,53.09498596191406,11831000,109.43387603759766,8434600,88.87828826904297,11680700,88.24744415283203,8532900,104.86199951171876,4161800
43.05011367797852,123872000,54.358097076416016,10423000,111.34046936035156,6648900,91.61660766601562,12858600,88.99559020996094,6906400,106.10487365722656,4060400
43.74509048461914,119093600,53.90751647949219,10617800,111.88164520263672,6860600,91.94220733642578,8340500,90.73841857910156,6481700,107.00877380371094,3598400
44.38733673095703,90105200,54.88992691040039,11738900,113.79656219482422,9115800,92.14256286621094,8726700,91.29104614257812,6681600,107.24343872070312,3295700
45.56880187988281,122737600,55.0893783569336,9095500,115.35347747802734,6533900,91.13241577148438,10618900,92.47279357910156,8063400,108.17341613769533,2547500
46.151153564453125,104883600,55.333133697509766,7760400,115.74479675292967,4994700,92.11752319335938,11380600,92.43025970458984,4767000,109.28594207763672,3705000
46.68556213378906,107731600,55.28142166137695,9415100,116.37752532958984,8230500,92.4013671875,9847700,92.99137115478516,8074400,110.6244125366211,4516200
46.53697967529297,73012800,54.68311309814453,7920800,117.95947265625,9216500,91.2242202758789,9670500,93.24642181396484,7687800,110.46795654296876,3034600
46.52738952636719,86698400,55.163230895996094,8986400,117.15182495117188,7500800,91.44963836669922,8406900,94.29214477539062,8611400,110.52880859375,3495200
46.189491271972656,75046000,54.91948699951172,8575900,116.6356430053711,6548100,91.68338775634766,9077400,94.53868865966795,6438100,110.5809326171875,2530100
46.46508407592773,58676400,55.466102600097656,9355700,116.094482421875,5562800,91.18248748779295,8128600,94.36013793945312,6020000,110.65917205810548,2607900
47.55787658691406,106204000,55.94620513916016,10091500,116.75218963623048,7122700,92.42640686035156,11057300,93.17839813232422,7731200,113.27528381347656,4756100
47.41887283325195,84496800,55.63598251342773,9757400,116.93540954589844,6393400,91.75852966308594,13126500,93.8755340576172,7028000,113.51863861083984,3847200
47.79991912841797,86056000,56.5888557434082,16229700,118.40070343017578,7335800,91.99227905273438,13638000,94.99777221679688,7044200,116.14347076416016,3803600
47.63694381713867,191202400,57.3865852355957,23108100,118.30078887939452,11272200,91.36615753173828,27089500,94.53868865966795,13799400,116.36946105957033,5742500
47.58903121948242,72881600,56.84000396728516,10011800,119.1083984375,5894700,90.71497344970705,13039600,95.49937438964844,5518100,116.7865982055664,3197700
46.86769485473633,84281200,56.33770751953125,9740000,120.0908660888672,7517000,89.963623046875,18660100,94.98078155517578,6805600,116.21296691894533,3751800
47.88139724731445,104270000,56.58147430419922,11365500,118.10102081298828,7674100,90.56470489501952,10324600,93.28893280029295,7170300,117.4645538330078,3343700
47.86701965332031,83598800,56.00532150268555,8147800,117.13520050048828,5233500,90.86524963378906,10906600,93.33143615722656,5613300,117.76872253417967,3594400
47.43087387084961,124442400,56.60361862182617,14781300,115.96127319335938,12792400,93.33641052246094,21634700,93.22091674804688,12152000,118.45535278320312,10469400
48.30077362060547,109012000,56.55192565917969,11437900,116.0278778076172,5872300,94.9059066772461,12724500,93.93506622314452,6775900,118.72482299804688,4834800
48.58356094360352,67740800,55.93146133422852,10475400,116.585693359375,4501200,95.00611114501952,10174900,94.77674865722656,6578200,118.0729522705078,3204900
48.98617172241211,45448000,56.46327590942383,5246100,118.34242248535156,3436300,94.85477447509766,6849400,96.9871597290039,6223300,117.84696197509766,2538600
48.94303894042969,69062000,56.23429107666016,6880800,117.03529357910156,4652400,95.41807556152344,7929400,96.1965103149414,8694800,117.76004791259766,3071800
47.93412399291992,101354400,56.49283599853516,7876100,117.36831665039062,4078100,94.89681243896484,6917200,96.96166229248048,5317800,117.19510650634766,2742100
48.22648239135742,82312000,56.45589065551758,7863000,117.73467254638672,4217400,95.30037689208984,8947300,95.9924774169922,7537700,116.7170867919922,2618700
48.7033805847168,71588400,57.25365829467773,8077400,117.56812286376952,4874400,95.02291107177734,9242300,96.70662689208984,5600700,115.28298950195312,3933300
48.34870147705078,80767200,57.29796600341797,6404000,116.6523208618164,5817400,95.93094635009766,11595200,97.2422103881836,4625300,116.4302978515625,3164200
48.72016525268555,70380800,57.342281341552734,6139000,111.81504821777344,17780100,96.93985748291016,10783400,97.76081848144533,7058600,120.25450897216795,4149800
49.17789077758789,67789600,56.936031341552734,7116400,112.1563949584961,10038200,95.76280212402344,12946600,98.17740631103516,6240700,121.3669891357422,4498700
49.00774002075195,67467200,56.08656692504883,10197400,110.31639862060548,10214500,96.78852081298828,16945000,98.52596282958984,7644300,120.88896942138672,4051600
48.73214340209961,56430000,55.75416946411133,7419300,109.78353881835938,8862100,95.83847045898438,13120900,98.56847381591795,7861700,117.96863555908205,3750200
49.28572463989258,74162400,55.28142166137695,11424500,109.95838928222656,6203100,96.4101791381836,9397200,98.77897644042967,5828700,117.23856353759766,3548200
48.55001068115234,83717200,55.39221954345703,11243100,108.49305725097656,8340200,95.46012878417967,10402800,98.41104888916016,6547000,119.31426239013672,4837100
49.659576416015625,89111600,55.451316833496094,8368800,107.1026611328125,12624800,96.07386779785156,9061100,98.65918731689452,4018800,118.44722747802734,3267800
50.04780197143555,73420800,55.67290878295898,8551200,107.26915740966795,5803600,97.8310546875,12752200,97.41844940185548,8194600,120.9521026611328,4122200
50.00707626342773,59966400,55.66553115844727,8260200,108.0517807006836,6838600,98.22622680664062,10011000,96.3488540649414,9635900,115.53070831298828,12664900
49.61164474487305,55638400,55.34789657592773,9083900,109.1674346923828,8897800,97.28456115722656,10138400,96.49432373046876,7809400,117.98301696777344,4823200
49.78419494628906,70475600,55.25924301147461,7677300,108.8427505493164,4894600,97.71336364746094,12800400,98.17145538330078,5559600,116.415283203125,4238000
50.24910354614258,86693600,55.65074920654297,7091900,110.74935913085938,7832000,97.40228271484376,8500400,99.25814819335938,7768700,117.76409149169922,2715600
50.03343200683594,135742800,55.65813827514648,6961200,109.96672058105467,5509600,97.18368530273438,7121100,103.03166198730467,18788800,116.44153594970705,3257200
51.05432891845703,277125600,54.926876068115234,13104600,108.41812133789062,8559200,97.52838134765624,13648000,101.0037078857422,12641800,115.32049560546876,4322000
49.94954681396485,216071600,53.52340698242188,17132800,108.47639465332033,7870700,94.95565032958984,15664500,99.88277435302734,11308600,111.04645538330078,5530100
48.8927116394043,163448400,52.99895477294922,21376700,109.12580871582033,6574900,94.94723510742188,11025500,99.6346435546875,12266100,109.07583618164062,5968600
46.33326721191406,209572000,51.913124084472656,19080900,108.36817169189452,9480000,92.122314453125,15855300,96.75957489013672,12974800,106.54469299316406,5482500
47.21038818359375,143299200,52.4154167175293,12282400,108.87604522705078,7880600,92.8453369140625,10203500,97.786376953125,9490600,106.92129516601562,3713900
47.69926834106445,133457600,52.07563781738281,15231100,108.4097900390625,6771700,90.82752227783205,17320900,98.84740447998048,9507600,105.78273010253906,5048700
48.75130844116211,108038000,53.46432113647461,14304100,109.63365936279295,5260500,92.36610412597656,10903300,100.49032592773438,7416600,106.8687515258789,3734800
48.34959030151367,98478800,52.32677459716797,13686600,109.93341064453124,4677300,92.26520538330078,9980800,99.92557525634766,6939500,104.55656433105467,3805600
48.22689056396485,89927600,52.072513580322266,9542600,109.84182739257812,6852100,90.53327178955078,9393700,99.2838134765625,4996200,102.22686004638672,4321500
50.26923370361328,188874000,52.71565628051758,12403300,111.08238220214844,5013200,91.92891693115234,12124700,100.3277359008789,6722000,104.23249816894533,4331900
48.77296447753906,146189600,50.591773986816406,18114400,108.45142364501952,7736200,88.11186981201172,19491800,99.07845306396484,10148300,100.9043426513672,5543100
48.52999877929688,108909600,50.29263305664063,12874400,108.68453979492188,7251200,88.44816589355469,13365600,100.44754791259766,7758000,100.93937683105467,4171900
49.675052642822266,110481600,51.0778694152832,12649000,109.36725616455078,5858900,90.56687927246094,11830600,101.97917938232422,8302400,101.97286987304688,3551900
50.6011962890625,97654400,51.93790054321289,10032800,110.10823822021484,4958000,91.38243103027344,8265400,102.88621520996094,5867100,102.78736114501952,2630900
50.60360336303711,107537200,51.6237907409668,9743500,108.73450469970705,7302000,90.22217559814452,8374000,101.73961639404295,6744300,102.18307495117188,2402000
51.15208053588867,86141600,52.13981246948242,10134200,109.50880432128906,6912800,90.47439575195312,8189300,101.99632263183594,4037400,103.06764221191406,2783000
51.10877227783203,89014800,52.02763748168945,8972000,109.29232025146484,7213500,91.40766143798828,9343400,102.18453979492188,4558400,103.25154113769533,2118200
48.74649429321289,187272000,50.47212600708008,15371900,106.3450164794922,15714000,89.13758850097656,14762300,100.38761901855467,7336800,99.89713287353516,6102000
49.672645568847656,104174400,50.74134826660156,7343900,107.2005844116211,8889500,89.85226440429688,8209500,102.09899139404295,5661500,100.21244049072266,5200400
49.11214828491211,103493200,50.24777221679688,9490900,108.74400329589844,20183800,88.90217590332031,14331800,103.15147399902344,6996300,99.30157470703124,3160700
49.44171142578125,63755200,50.614200592041016,9647400,107.93875885009766,9878800,89.79338073730469,10585500,103.87879943847656,4600300,100.59779357910156,3187900
50.27885437011719,83962000,51.175086975097656,9004100,107.5696792602539,6749900,91.8280258178711,10002200,103.69053649902344,5011500,103.1464614868164,3442900
50.213905334472656,84573600,51.212493896484375,9180800,107.67034149169922,7371100,92.36610412597656,10170300,102.87764739990234,6007100,104.2237548828125,2912000
49.48260498046875,80092000,51.27230453491211,9849700,107.98908996582033,5710200,91.27312469482422,9868800,103.84456634521484,4959300,102.49835205078124,3780600
50.32215118408203,76752400,51.81824493408203,6959200,108.08975219726562,4807200,92.37451934814452,6929200,105.42754364013672,5586900,104.31131744384766,3688400
51.3060302734375,95654800,52.55112075805664,9901500,107.85486602783205,4754100,94.47642517089844,13224700,105.04251098632812,7491900,107.71829986572266,5355100
51.30121994018555,77449200,53.04470443725586,10418500,107.5445327758789,6758300,94.67821502685548,7836600,105.13662719726562,5306900,107.46432495117188,3315700
51.52012634277344,109237600,53.4635009765625,12840200,106.48760986328124,7684700,97.02396392822266,13985100,104.53765869140624,7662400,111.4493408203125,4433300
52.12873077392578,127111600,53.89726257324219,13810800,108.66852569580078,8239500,98.2598648071289,14333100,102.57816314697266,9582200,114.11186981201172,8479700
53.78617858886719,177158400,53.79255676269531,10525700,110.02741241455078,6203600,98.52890014648438,9919200,103.76754760742188,7565500,116.56419372558594,7592600
53.665897369384766,128906800,53.82994079589844,9100700,109.40668487548828,5250000,99.13424682617188,12283500,105.05105590820312,6194300,115.39054107666016,5594600
52.62188720703125,159053200,54.323516845703125,7337200,109.70027160644533,5369800,101.08482360839844,16257200,104.49488067626952,6777400,117.16848754882812,3704900
52.89851760864258,84632400,55.13869094848633,19830200,108.66016387939452,5101700,100.18521118164062,11993900,102.46693420410156,9626700,116.61670684814452,2876500
53.09096908569336,73274800,54.71988677978516,14452200,108.76920318603516,4976400,99.68914794921876,10735400,103.67344665527344,6377100,115.7584228515625,2888900
53.58892059326172,101360000,54.4581413269043,7292200,109.3899154663086,4373600,100.68965911865234,10665600,103.88734436035156,5684200,114.79502868652344,3005700
53.15351104736328,88242400,54.09169387817383,8050200,109.1382827758789,4730100,100.37017822265624,9382600,104.30663299560548,4525800,113.96295928955078,2725700
52.37650680541992,221652400,53.90472412109375,19736600,110.43001556396484,12053100,99.96661376953124,21862800,104.59756469726562,15362000,112.24632263183594,6412300
52.61465835571289,76662000,53.9421272277832,7495200,110.50554656982422,5183700,99.94979095458984,9135100,105.4361343383789,6060400,112.47404479980467,2723500
52.36448287963867,124763200,53.201751708984375,13307100,110.34616088867188,7102600,98.64662170410156,11696500,105.7698211669922,7633200,110.3458023071289,3370700
53.17035675048828,87613600,53.35879135131836,8035200,109.87644958496094,4522900,99.20992279052734,9389400,105.26497650146484,5812600,110.88880157470705,2354100
52.89611053466797,75334000,53.07463455200195,8420200,108.0813446044922,7545800,98.39437866210938,9899200,106.36878967285156,6984800,110.69612121582033,2227400
52.63872146606445,101408000,53.45602416992188,8224000,107.87165832519533,6006500,98.97450256347656,10207800,106.5912628173828,5589800,110.8712921142578,2214300
53.87759399414063,103909600,52.80539321899414,9768900,108.52593994140624,6552100,98.94929504394533,9755000,106.4286880493164,5206900,110.62603759765624,2795300
54.02672576904297,139223200,51.56398010253906,10279100,109.0376205444336,7673000,97.15006256103516,11250300,105.97518157958984,5415700,107.17529296875,3718200
52.67240524291992,138449200,50.217864990234375,14503700,110.7236328125,12051800,95.21630859375,12548700,103.60497283935548,6755100,105.06453704833984,4255800
53.11983871459961,114426000,50.83856201171875,10788400,110.044189453125,6997600,95.08069610595705,12735200,104.16969299316406,5171000,105.13458251953124,3110200
54.60887908935547,138478800,51.57892227172852,10534800,112.1160659790039,7233300,97.14012145996094,9453100,106.10354614257812,4377900,106.01042175292967,2442300
54.620906829833984,122306000,50.868465423583984,10993000,111.6966552734375,5427200,96.92823028564452,6771600,105.11094665527344,4749700,105.31853485107422,2334500
53.98102569580078,111820000,49.88131332397461,9748700,110.58942413330078,7870400,94.76712036132812,10806300,103.4766082763672,5545300,103.32164764404295,3530000
54.61368942260742,74770400,50.43472671508789,8580900,108.39171600341795,7787700,95.45359802246094,7273700,104.37508392333984,3775600,104.60910034179688,2557300
55.34980392456055,113013600,51.040489196777344,7100100,108.2575225830078,5119700,96.79264831542967,10994100,104.34085845947266,3943400,107.45553588867188,3242900
56.822025299072266,166795600,51.586402893066406,10101900,110.16162109375,7161400,98.42829895019533,15076500,103.61353302001952,6292200,112.45653533935548,6747800
56.74021530151367,96427600,51.7359733581543,6234600,109.64993286132812,5700000,98.6910400390625,8779000,102.72362518310548,7360200,112.4390106201172,2851500
56.60791015625,87360000,51.915470123291016,6645700,111.4282455444336,10008800,101.66576385498048,23379000,100.28498077392578,11113900,114.7599639892578,3289000
56.379390716552734,73903200,51.02552032470703,9765800,113.38265991210938,12434200,101.4284439086914,11087700,100.56732940673828,7973100,114.0242691040039,3038300
56.59829711914063,67585200,50.95822143554688,9757200,114.22149658203124,8434000,101.99626922607422,10818500,100.4347152709961,5956900,115.67084503173828,3418300
56.8701171875,97433600,50.56186676025391,13472700,107.1167221069336,25868700,102.17425537109376,10417400,101.1580581665039,9016700,115.37952423095705,4329200
57.85639572143555,87247200,51.406925201416016,10199300,107.38514709472656,13823600,104.70826721191406,12714600,102.54450225830078,6731600,116.72126007080078,4225200
57.7241096496582,82293600,51.66868209838867,9536000,108.37496185302734,7613700,105.75916290283205,12549100,105.21404266357422,14410500,118.0100555419922,4681600
58.49868774414063,75828800,52.162254333496094,8641800,108.9621124267578,6693400,106.0388641357422,8828300,105.9201889038086,8249300,119.46649932861328,11295900
58.59491729736328,69275200,51.66868209838867,9003600,106.94895935058594,12111600,105.96256256103516,8020500,107.46160888671876,6725600,118.15126037597656,3916200
59.31658935546875,73477200,51.788330078125,7607200,107.66195678710938,6947300,106.81006622314452,9055700,106.1354522705078,6093300,123.34161376953124,8319500
59.9107551574707,96572800,51.3321418762207,11209600,108.35816192626952,7876300,107.21685791015624,9522200,106.33353424072266,5459500,123.63292694091795,6174000
58.5251579284668,142839600,51.18258666992188,13894400,108.30782318115234,4506300,107.14906311035156,9797300,106.43687438964844,5659800,124.75396728515624,4427900
58.5179328918457,124522000,50.64412689208984,12840600,111.4282455444336,9627600,106.55580139160156,8513700,107.59078216552734,4734500,123.88009643554688,3948100
59.84099578857422,139162000,50.53194808959961,16169100,110.75718688964844,7686700,105.86934661865234,11589100,107.22049713134766,6399500,121.63796997070312,4037600
61.53934097290039,151125200,52.05007553100586,14108700,110.05256652832033,5541800,108.31014251708984,11682600,106.66936492919922,6010200,127.5433578491211,6220200
61.943477630615234,103272000,53.59811401367188,15858200,109.2389144897461,6140300,109.17459869384766,9159900,102.53588104248048,10351400,129.68832397460938,5437800
61.85446166992188,79897600,54.66005706787109,14930400,109.3982925415039,6257300,109.41188049316406,13747600,102.38951110839844,9239600,129.20281982421875,4516700
61.88092041015625,75864400,53.4635009765625,13996500,109.85128021240234,5450000,109.58139038085938,11231100,103.61233520507812,6756300,128.4260711669922,3736600
62.595096588134766,94940400,54.60024642944336,13073800,110.24551391601562,5873700,110.17462921142578,13528900,103.0095443725586,8909700,129.7677764892578,3816700
62.76642227172852,69986400,53.563323974609375,12106000,111.56244659423828,5003000,110.49668884277344,9293400,103.0784149169922,4249900,130.7829132080078,2776600
63.263458251953125,81821200,53.23786544799805,8674000,110.70682525634766,4371400,110.10681915283205,8679000,102.75978088378906,3850400,130.6416473388672,2205100
63.20553970336914,87388800,52.503719329833984,13918600,110.17841339111328,5228700,109.46271514892578,9099000,102.70812225341795,4759600,129.17636108398438,2843100
63.81114959716797,102734400,52.072303771972656,11773700,110.11129760742188,5885400,108.8864288330078,8023300,103.89649200439452,7262800,127.5433578491211,3194400
63.36961364746094,89182800,51.8452377319336,11279800,109.85128021240234,4217500,108.98812866210938,8483400,103.76730346679688,5188300,126.6165008544922,2581700
64.1224136352539,100206400,52.367488861083984,11252800,113.18976593017578,10495100,109.77629089355467,10163600,103.80177307128906,7108600,128.2671356201172,2827400
64.44572448730469,86703200,51.86037063598633,10095600,113.09746551513672,9291800,110.7000732421875,8749300,104.9643325805664,7493700,126.74889373779295,2638600
64.25031280517578,76167200,51.33058166503906,12605500,113.0890884399414,5192200,110.66619873046876,8824500,104.5595703125,5989000,126.3869857788086,2085100
63.50231552124024,106234400,51.48952102661133,16930700,114.02855682373048,7594400,109.86105346679688,11782800,105.30877685546876,6480000,124.92168426513672,3484700
63.21763610839844,121395200,52.73076629638672,14080900,114.44796752929688,6424900,110.1152801513672,7705500,103.6295166015625,7094200,126.54588317871094,3297700
63.16211700439453,65325200,52.503719329833984,12143600,115.81522369384766,9235800,110.84414672851562,8167900,103.58648681640624,4414900,127.00487518310548,2258300
64.26958465576172,84020400,52.155555725097656,10670000,115.86591339111328,6111900,111.43739318847656,10068500,103.77591705322266,5134300,129.2469482421875,3085200
63.76771926879883,105207600,52.026893615722656,15457000,115.85749053955078,10636500,111.58992004394533,10490700,105.28292846679688,8235200,128.9556884765625,2468100
64.624267578125,65235600,51.996612548828125,8393900,116.34737396240234,5523000,111.9204559326172,6607900,104.85238647460938,3751400,128.60260009765625,2660200
64.48191833496094,46617600,51.56520462036133,7980800,116.12773895263672,3278900,111.66622161865234,5712000,105.11071014404295,2927300,127.75519561767578,1652500
63.73637390136719,94487200,51.78468704223633,11116900,116.01795196533205,4717100,111.42044830322266,8615600,105.67904663085938,6146200,126.19281005859376,2896200
62.59993743896485,114430400,51.37598419189453,12245800,115.84900665283205,5741400,109.98816680908205,10361300,105.87710571289062,6396200,123.63292694091795,3839600
63.15247344970703,67181600,51.95877456665039,11049700,117.72408294677734,7257300,112.1577606201172,10318200,107.23770904541016,6857300,123.68587493896484,2484600
64.07898712158203,74424400,51.77713394165039,13109000,117.87611389160156,5472900,112.76797485351562,9587400,107.31523895263672,7029200,124.5068130493164,2277700
65.3167495727539,106075600,52.60967254638672,13710800,118.5687484741211,6640400,114.44599151611328,10170600,106.94493103027344,7150900,125.98095703125,2271400
64.40228271484375,128042400,52.72319793701172,12397700,118.67008972167967,4241000,113.91210174560548,8498200,107.530517578125,7452800,126.0780258178711,1585100
64.7786865234375,90420400,52.26908874511719,14281800,118.23932647705078,5310300,113.98837280273438,7532900,107.0138168334961,4740100,126.11334991455078,1888900
65.33120727539062,78756800,52.193397521972656,13748400,119.07552337646484,6631500,113.7171630859375,9011900,107.34967041015624,4823300,127.1108169555664,2265700
65.49769592285156,137310400,53.23786544799805,17068500,119.37953186035156,5012400,116.9715576171875,13717400,107.27216339111328,5897800,129.5648193359375,3714100
66.38801574707031,133587600,52.39775085449219,12274500,119.413330078125,4257200,115.9460906982422,10592100,108.04718017578124,5471600,128.46131896972656,3311700
67.52445983886719,128186000,52.98054504394531,15208700,119.7596435546875,5353100,116.39525604248048,11372000,108.12468719482422,8281900,128.31130981445312,2414800
67.65715026855469,114158400,52.73833465576172,14450700,121.25464630126952,10722400,117.10714721679688,11546800,107.90941619873048,8832200,129.20281982421875,2850800
67.49549865722656,116028400,52.88214874267578,13652300,120.94210052490234,7849200,116.98851013183594,10381500,106.78993225097656,8607600,129.86489868164062,2629500
67.56307220458984,98369200,52.51885223388672,13273200,122.76651763916016,9414700,116.40372467041016,9350400,107.57356262207033,6629100,128.0111541748047,3576800
67.4231185913086,275978000,52.93512344360352,35092000,123.36621856689452,14532800,116.31050872802734,29992600,107.95246124267578,16250500,130.2621307373047,6805400
68.52333068847656,98572000,53.20001983642578,14172500,123.68718719482422,6558700,116.27661895751952,9738400,107.55632781982422,6619500,131.0830078125,2346500
68.5885009765625,48478800,52.99567031860352,3979400,123.25640869140624,4238900,116.59867095947266,3324300,107.8318862915039,2022100,130.1826171875,966200
69.94930267333984,93121200,53.07892227172852,8840200,123.17195892333984,3019300,117.83599853515624,6770900,107.8318862915039,4760400,130.83583068847656,1576900
69.92276000976562,146266000,52.89727783203125,10516100,123.10436248779295,3432700,117.92073822021484,7868200,108.5811004638672,5192000,130.8888397216797,1544500
70.33777618408203,144114400,52.58697509765625,12689400,122.72427368164062,2923300,117.488525390625,6963000,107.18605041503906,3884300,130.2179718017578,1789200
70.85169982910156,100805600,52.81401824951172,13151800,123.20573425292967,4435000,118.14107513427734,7201600,107.55632781982422,4798900,130.3592071533203,1952500
72.46824645996094,135480400,53.661720275878906,12456400,123.29017639160156,5777000,119.5733642578125,10803700,106.27323150634766,8130800,132.8749237060547,3311900
71.76371002197266,146322800,53.23030471801758,17386900,121.86276245117188,5752400,117.99543762207033,10386800,105.55850219726562,7970500,131.03005981445312,3100600
72.3355484008789,118387200,53.63900375366211,20081900,121.71075439453124,7731300,117.90159606933594,10259000,105.70488739013672,6674400,130.9417724609375,2549600
71.99535369873047,108872000,53.20001983642578,17387700,122.45399475097656,7382900,115.8971939086914,10531300,105.05043029785156,7583400,129.211669921875,2841900
73.15348815917969,132079200,52.39775085449219,15137700,122.43709564208984,6605800,116.80133056640624,9695300,105.49823760986328,5385100,130.3592071533203,2153200
74.70732879638672,170108400,52.79888916015625,14811800,122.80029296875,6112700,117.227783203125,9469000,106.65216064453124,5944000,130.03257751464844,2272500
74.87623596191406,140644800,52.32963562011719,11995600,122.52156066894533,5042600,116.0592803955078,10190900,106.75547790527344,3927100,128.990966796875,2393700
76.47589111328125,121532000,52.82916259765625,9953900,123.06214141845705,4593200,117.02308654785156,12355200,107.53909301757812,8409200,129.6000518798828,3355200
75.44322967529297,161954400,52.37506103515625,16261000,123.75469970703124,7037500,118.38778686523438,24906000,107.37548828125,7829700,129.47645568847656,2742200
75.11991882324219,121923600,52.29179382324219,11390300,124.1686019897461,4960300,116.6136703491211,16293400,108.46914672851562,4843700,128.4966583251953,2640500
76.06089782714844,108829200,52.087432861328125,13340300,125.1737289428711,6476000,117.06575012207033,10783800,108.56385803222656,6233700,130.5269012451172,3070900
76.90299224853516,137816400,51.89065170288086,18144100,125.9929428100586,9083600,117.8760223388672,14697700,108.85668182373048,11315200,131.36251831054688,3331500
76.38182067871094,110843200,51.14892959594727,17982600,126.07743072509766,9543900,116.71600341796876,8474200,108.5811004638672,8553100,129.64691162109375,2476700
76.65446472167969,101832400,50.85374450683594,17033100,125.21591186523438,10305300,116.5795669555664,7549100,108.77053833007812,7396700,126.78461456298828,3602400
77.02361297607422,104472000,50.53585433959961,19605900,125.45240783691406,8671900,116.46012878417967,9345700,108.27330780029295,11096500,126.89128875732422,3182700
76.8016357421875,146537600,50.19528198242188,18238600,125.2750473022461,9051900,113.56867218017578,15166400,108.40325164794922,9508600,124.78460693359376,2526200
74.54327392578125,161940000,48.99942398071289,21231000,125.6382293701172,7587100,112.61341094970705,12860500,108.87970733642578,9338400,120.6511459350586,2920500
76.65204620361328,162234000,48.93130493164063,19664700,126.27171325683594,7336600,114.6604461669922,13062800,109.17420196533205,6200200,121.5489501953125,2763800
78.25656127929688,216229200,48.52259826660156,14202800,127.1501007080078,6288600,114.48983001708984,9326000,108.3339385986328,5271000,120.69559478759766,2620000
78.14315795898438,126743200,49.03727722167969,18544700,126.9980926513672,6470600,115.9057159423828,9048900,109.10490417480467,5894400,120.33114624023438,3862600
74.67839050292969,199588400,47.01644134521485,34282900,125.73960876464844,8651700,112.8948745727539,12785200,107.95281982421876,6612900,116.7577667236328,6785700
74.4732894897461,173788400,45.96440124511719,27389300,126.83759307861328,5765200,113.7563247680664,10021100,108.37726593017578,6052300,115.35330963134766,4385300
76.93193054199219,136616400,45.38919448852539,31922100,128.04542541503906,6541400,115.39395904541016,9157100,108.85370635986328,6512200,118.67780303955078,3501600
77.55924987792969,118826800,47.47813034057617,32099200,130.06410217285156,5979900,117.35574340820312,10150700,109.84990692138672,6125400,122.17120361328124,4448100
78.46646118164062,105425600,46.83480072021485,16055400,129.67555236816406,6201200,117.37277221679688,8992300,110.1357650756836,9102700,122.00231170654295,2283800
77.39990234375,117684000,46.52448272705078,15112500,128.29037475585938,5700300,116.99749755859376,6379800,109.217529296875,5915100,118.55335235595705,3812300
77.76751708984375,109348800,46.03312301635742,20934500,128.26502990722656,4835600,117.48368072509766,5960700,109.29549407958984,5216100,119.39781951904295,2331600
77.2983169555664,94323200,46.47073745727539,14908700,128.37486267089844,3715300,117.70545196533205,6578600,107.55433654785156,6105700,121.06007385253906,2381900
79.13397216796875,113730400,47.03886032104492,17862100,127.6147232055664,5166800,117.70545196533205,7958000,106.93927764892578,6031700,124.08233642578124,3222000
78.57044982910156,94747600,46.777828216552734,16949400,126.77008056640624,5480200,117.60309600830078,7447500,108.24732971191406,7159000,124.1978988647461,3318800
78.58982849121094,80113600,46.56286239624024,10855300,126.80381774902344,5716300,117.24483489990234,6627600,109.2695083618164,5889100,122.66011810302734,2813400
77.1507797241211,152531200,45.971710205078125,18948500,125.96765899658205,7230700,115.6924819946289,8996400,108.16938018798828,6767600,121.4067611694336,3869700
78.26814270019531,93984000,46.32486724853516,12804900,125.79874420166016,6115200,117.27042388916016,7071200,108.66313934326172,4734000,121.65563201904295,2134900
77.46520233154297,100566000,45.956356048583984,14817200,125.31726837158205,7464700,117.27042388916016,7422800,109.6506576538086,6094600,121.71784973144533,2678200
75.71177673339844,129554000,45.39592361450195,20315700,126.63488006591795,7776800,115.8375015258789,9772800,109.75460815429688,8723900,121.9667510986328,2855600
72.11542510986328,222195200,43.26930618286133,32096600,124.02540588378906,10588900,112.72427368164062,13618400,106.8093490600586,7533900,117.4866714477539,4964800
69.6727066040039,230673600,41.61099624633789,36414500,122.95433807373048,10529000,107.69195556640624,20797200,105.18944549560548,8903200,114.66883850097656,4840200
70.7779769897461,198054800,40.6973991394043,29801000,122.12982177734376,10093800,108.01605224609376,24825600,104.0893096923828,6894200,114.00215911865234,3902500
66.15135955810547,320605600,38.248348236083984,48141300,118.25377655029295,12566700,103.52108001708984,23005500,98.32003021240234,13298900,109.57537841796876,7369000
66.1126480102539,426510000,39.49207305908203,62446700,114.30972290039062,19820300,99.03462982177734,45931400,98.08615112304688,22784300,110.4376449584961,8300700
72.267822265625,341397200,41.365333557128906,38127600,119.01879119873048,11508200,103.64901733398438,27355400,103.5695343017578,12399800,113.42436981201172,6100200
69.97261810302734,319475600,39.38458251953125,50580700,115.25322723388672,13662500,99.7596206665039,32547700,102.3654556274414,12510900,110.56208801269533,6358100
73.21827697753906,219178400,40.244441986083984,24079600,121.9598159790039,10560500,102.224609375,25795900,107.8488540649414,9459300,113.24659729003906,5074700
70.8432846069336,187572800,38.470985412597656,40788200,120.71031951904295,11339200,97.20933532714844,25025600,105.36268615722656,9363500,108.41980743408205,6015300
69.9024887084961,226176800,36.613075256347656,55640500,120.72732543945312,12239100,92.1855239868164,38159400,105.38870239257812,9817400,107.92204284667967,5767900
64.3737564086914,286744800,32.13720703125,72896300,115.97576141357422,13848600,79.69853973388672,40352000,100.53765869140624,13116500,92.50841522216795,8636200
69.01004791259766,285290000,33.32719421386719,60445900,120.39581298828124,12698100,85.89085388183594,31102700,104.42713928222656,11419100,94.6595687866211,8293200
66.61328887939453,255598800,32.22933578491211,51986100,112.0316925048828,17763400,81.84793090820312,38127000,96.6655044555664,16456000,89.50392150878906,6543600
60.03493118286133,418474000,28.544225692749023,65725300,106.60009765625,21539200,75.10118865966797,49725200,88.219482421875,20988000,82.01044464111328,10285900
67.22760772705078,370732000,29.265899658203125,79891500,114.14820861816406,20084200,88.62877655029297,38543300,98.81380462646484,17378700,88.57056427001953,8718600
58.5789794921875,322423600,26.47903823852539,48924700,108.0621109008789,18877900,75.3656005859375,38589700,93.98876190185548,17367400,83.03268432617188,9899000
61.15470886230469,324056000,28.260162353515625,41204400,116.1032257080078,18911800,79.9714584350586,35239800,102.42607879638672,19451400,89.06834411621094,7206100
59.65763854980469,300233600,25.4272403717041,54036400,114.71773529052734,17521100,71.552978515625,41525600,101.7417449951172,23139200,88.99723052978516,6995100
59.20053482055664,271857200,26.432966232299805,49412400,107.9941177368164,18482300,72.755615234375,32175100,96.0071258544922,16428100,91.56617736816406,6870800
55.44215774536133,401693200,25.13550567626953,76534600,101.90802764892578,19785100,71.22030639648438,30150800,88.73059844970703,19922900,84.89048767089844,7650300
54.26433181762695,336752800,24.145130157470703,56952500,94.47042846679688,20815200,67.40768432617188,32536600,84.63320922851562,17776800,81.6459732055664,6737500
59.708438873291016,287531200,27.2083740234375,61835600,101.30453491210938,17604800,75.42530059814453,34363200,89.4582290649414,14625500,90.08171081542967,7417100
59.37950897216797,303602000,28.62867546081543,56607700,101.49152374267578,13986100,78.239990234375,38111700,87.42253112792969,13789100,93.041748046875,6578100
62.504241943359375,252087200,29.80330848693848,46722000,107.58612060546876,15066800,83.69026947021484,29826300,93.0185546875,15796000,98.22406768798828,6059600
59.916412353515625,204216800,28.36765480041504,51558600,104.68759155273438,12133200,77.72821807861328,30041500,95.43540954589844,16073100,93.72621154785156,5746500
61.62630844116211,167976400,28.78989791870117,45835000,113.06021118164062,21754000,79.74971008300781,21656900,99.61941528320312,14571600,99.29965209960938,5725600
61.50054550170898,197002000,29.15073013305664,41491600,111.46216583251952,15746100,76.79000091552734,23379300,95.28816223144533,21691000,103.14861297607422,8970800
58.26457214355469,176218400,28.81293487548828,36045900,109.49014282226562,12606100,71.95384979248047,28029600,94.707763671875,11095800,98.97965240478516,6847000
59.236812591552734,165934000,31.01631546020508,62000200,113.17920684814452,11594500,74.64059448242188,24018000,99.09967041015624,9168800,103.77084350585938,8106500
58.385498046875,129880000,30.10271644592285,48425700,114.04620361328124,10071200,72.43440246582031,21199400,99.688720703125,7768700,101.93081665039062,5036400
63.47890090942383,201820400,31.0700626373291,41301900,118.7978057861328,14994400,77.09673309326172,26820800,102.05360412597656,16848400,107.05091857910156,5785600
62.74365234375,202887200,31.66121482849121,48921800,116.85975646972656,11567100,78.11365509033203,22563800,97.68766784667967,14438400,108.3753662109375,8489900
64.34957885742188,168895200,33.66498565673828,33355600,121.77281188964844,10758200,81.26785278320312,22903300,99.70604705810548,12564500,113.24659729003906,4686100
64.81392669677734,161834800,33.11222457885742,60107300,120.04730224609376,11125400,88.55868530273438,42055900,99.32489776611328,12747300,111.1398696899414,4752100
66.08606719970703,131022800,32.828163146972656,29651900,118.80630493164062,8153200,84.6202621459961,26911900,100.44235229492188,7926700,101.4596939086914,10519600
69.42362213134766,194994800,32.574825286865234,30769000,124.12737274169922,13838000,82.30200958251953,46151300,104.78231811523438,10474200,103.53973388671876,7166300
68.78997802734375,131154400,31.077735900878903,33125000,125.51290893554688,11962300,78.24292755126953,30118600,105.00753021240234,14192900,99.13963317871094,5652800
69.3365478515625,157125200,30.0566520690918,30934000,127.22139739990234,12181700,75.26110076904297,32449600,105.25006103515624,12020200,100.64190673828124,5926400
68.395751953125,215250000,33.18131256103516,40829100,129.21896362304688,10920000,82.02622985839844,30191900,108.01341247558594,15899800,104.32884979248048,4132300
66.97606658935547,130015200,31.61515235900879,39260800,128.9214630126953,12226200,79.0357666015625,23679400,104.4704818725586,10832000,102.80384063720705,4083800
64.90581512451172,180991600,31.44624710083008,44381600,127.22988891601562,9951100,76.74339294433594,23035000,103.67350769042967,9465400,98.54275512695312,5743300
66.77534484863281,116862400,32.3444938659668,27074200,130.04345703125,11515600,76.99332427978516,16662400,103.4309539794922,10259400,99.2514419555664,3794000
66.51657104492188,124814400,33.3578987121582,35271000,132.1854705810547,10665000,77.0363998413086,16638800,104.1207275390625,17277000,101.2877960205078,3545400
68.4368667602539,126161200,33.57285690307617,28653800,131.6329803466797,8653400,78.17398834228516,15809200,103.58007049560548,12751100,102.3014907836914,3045300
68.4852523803711,117087600,33.73408508300781,28274400,131.1484375,8924000,81.54362487792969,22870200,102.42024993896484,10635700,103.34205627441406,5344800
67.3751449584961,112004800,34.52486038208008,26545100,128.6833953857422,8558700,82.12104034423828,20238900,101.93191528320312,9958000,103.57530975341795,5604600
69.58808135986328,137280800,36.436500549316406,29502500,127.70594024658205,9285200,84.33586120605469,20462600,102.0976104736328,8707900,107.70181274414062,4261100
71.05611419677734,183064000,35.67644500732422,37076300,127.53587341308594,14829600,82.52606201171875,19127600,102.7865219116211,10026400,104.40060424804688,4040500
69.91215515136719,240616800,33.11989974975586,35399300,126.04837799072266,7309000,80.36295318603516,18547700,101.87088012695312,7366400,99.46674346923828,3960400
70.90132904052734,133568000,34.455753326416016,27465600,126.03141021728516,7198400,79.4063491821289,15725900,100.9552230834961,5636000,96.63201904296876,4500700
71.9654769897461,147751200,34.4173698425293,29276200,127.07691955566406,6562300,79.28570556640625,18064100,101.16454315185548,5425200,97.69952392578124,3477400
72.70797729492188,142333600,33.772483825683594,22659000,125.86992645263672,6191600,77.79478454589844,20978000,98.6269073486328,7892200,96.587158203125,4465300
73.46013641357422,115215200,33.96440124511719,22160300,125.45339965820312,5570500,78.6048812866211,16771900,97.81593322753906,8762800,96.2462921142578,4377900
75.20860290527344,133838400,35.45380401611328,19977400,126.39690399169922,4712100,79.88894653320312,20487800,101.1122055053711,9279900,100.57013702392578,3911300
76.39203643798828,145946400,35.116004943847656,22258000,126.74542999267578,5887500,77.53626251220703,31907600,100.55410766601562,6947500,97.43041229248048,4207300
75.51900482177734,162301200,34.52903747558594,25439100,125.07089233398438,7039200,75.00255584716797,27962900,99.89137268066406,6734400,94.19198608398438,3874100
74.607177734375,200622400,32.81511688232422,30827900,125.0623779296875,6970500,72.4171371459961,35451600,99.34197235107422,9312600,93.7255401611328,5376100
75.06551361083984,158929200,33.104679107666016,24856500,125.49588012695312,6871400,75.42481994628906,35152500,99.24605560302734,9310000,95.25950622558594,5542400
74.62174987792969,166348400,32.869895935058594,22445600,127.87592315673828,10340400,74.02872467041016,26099000,99.94369506835938,10694800,96.8114242553711,6583100
76.37989807128906,135178400,35.48383712768555,32026100,127.94391632080078,7388400,77.94989776611328,30504400,101.33894348144533,10020800,103.18061065673828,5603500
75.93856048583984,101729600,34.38816833496094,21771600,126.66889190673828,6107300,76.4159164428711,19597300,98.05137634277344,8047600,100.5432357788086,3404900
77.41542053222656,111504800,35.50730895996094,19352400,125.52986907958984,5713400,78.70829010009766,20552400,98.78388214111328,6593800,103.78164672851562,3735700
76.8382568359375,102688800,34.87339401245117,19130700,124.70537567138672,6487300,77.70860290527344,14621400,97.33631134033205,6552700,102.31939697265624,2342300
77.33296966552734,81803200,34.904693603515625,15406400,123.5670166015625,6140900,77.10535430908203,13557900,98.19091033935548,5571900,100.89308166503906,2735100
76.80916595458984,125522000,35.92992401123047,20356500,123.72965240478516,7072300,82.57779693603516,41233900,97.69384002685548,10432400,105.3245849609375,4185100
77.14380645751953,112945200,36.18819046020508,20788300,124.01209259033205,7950000,87.36077880859375,39402000,99.31582641601562,8279700,109.81888580322266,4462700
77.1777572631836,133560800,35.249046325683594,19698000,125.79238891601562,6189600,86.05944061279297,24713900,101.20813751220705,6586700,108.31182098388672,3743700
77.10256958007812,153532400,35.585567474365234,25874700,127.31588745117188,8504000,83.86185455322266,26526400,101.08605194091795,7868000,107.76461791992188,4219000
78.05078125,80791200,36.21947860717773,19031000,125.98065185546876,6141800,84.97358703613281,15176800,102.24585723876952,5105600,108.09654235839844,2131300
78.4121322631836,87642800,37.02559280395508,22319000,126.88794708251952,6078300,85.25798797607422,21195000,102.9521942138672,6327900,110.6262664794922,2977500
78.84378051757812,104491200,38.53603363037109,23418000,127.23030090332033,6339500,89.8600082397461,25941100,103.362060546875,6171000,114.00819396972656,3712600
78.16474914550781,87560400,38.42647552490234,18731400,125.58692169189452,8170500,91.73011779785156,26784700,101.19940948486328,6895800,115.68569946289062,3076700
80.39094543457031,137250400,41.541282653808594,41328900,126.07479095458984,9725400,95.85813903808594,42231000,103.1876449584961,7337800,121.2116470336914,5591900
80.86627960205078,95654400,42.840431213378906,33579400,125.6212158203125,7555600,97.7713394165039,24881800,103.81551361083984,6926700,123.54400634765624,4139200
83.41987609863281,147712400,41.88563919067383,27276900,124.92794036865234,8247200,95.26348876953124,17031100,103.19637298583984,5563200,120.37737274169922,3819600
85.56605529785156,166651600,39.6395263671875,31156800,126.50275421142578,10137100,91.4026336669922,24913300,103.97248840332033,6678200,118.8075180053711,4018700
81.45801544189453,201662400,36.141239166259766,39183000,120.57135009765624,11913300,83.77568817138672,36259200,101.38256072998048,8937500,109.0384292602539,5969300
82.16127014160156,200146000,36.91602325439453,30978100,121.66685485839844,8687400,86.06807708740234,24856800,100.8244400024414,7998500,110.47377014160156,4492700
83.17737579345703,138808800,36.89254379272461,27929300,120.8966293334961,8649600,87.25735473632812,22153600,101.75753784179688,8786000,110.88639831542967,4093100
85.38178253173828,165428800,37.72211456298828,26203400,123.64405822753906,7579100,87.9554214477539,22193600,103.01323699951172,8165200,116.7173309326172,6892400
85.26290893554688,114406400,36.493412017822266,19279400,123.2674789428711,5100100,85.73197174072266,15639800,102.8388442993164,6320800,115.03084564208984,3228100
85.296875,96820400,36.72036743164063,21478700,122.74535369873048,4797400,85.26660919189453,16591900,104.01607513427734,6274400,114.45672607421876,2467700
84.80943298339844,264476000,35.984710693359375,48899900,123.10482788085938,12206900,84.29277038574219,40371200,103.70213317871094,17506200,114.34009552001952,6488000
87.02836608886719,135445200,36.32905197143555,17565400,122.7282485961914,5285600,83.37925720214844,16216900,102.68186950683594,5695600,112.8419952392578,2806300
88.88597106933594,212155600,36.548187255859375,18916600,122.2746124267578,5921600,84.39620208740234,15381400,102.66444396972656,5340400,113.25464630126952,2357100
87.31695556640625,192623200,34.82643508911133,27626900,119.67266082763672,8211200,81.5781021118164,22919800,101.52205657958984,6547800,109.49595642089844,3766500
88.47614288330078,137522400,35.35078048706055,19353600,119.54426574707033,7421200,84.42205047607422,25743600,102.80394744873048,5489300,111.8731689453125,2903400
85.75764465332031,205256800,34.137733459472656,31518600,117.9522705078125,12849700,79.79415893554688,41896300,100.48433685302734,23201700,109.79198455810548,3645800
87.73408508300781,130646000,34.6855583190918,17052100,119.00505065917967,5309800,80.14751434326172,18499700,102.60340118408205,6866900,112.35758972167967,2798700
88.46641540527344,140223200,34.99861145019531,22153600,120.3659439086914,7738300,81.06102752685547,19137000,104.26897430419922,7818000,113.47891998291016,2778800
88.29913330078125,110737200,34.20816802978516,17290100,120.15196228027344,6174800,80.37158203125,18755700,104.6264877319336,6501200,113.08422088623048,2807800
88.29913330078125,114041600,34.49773025512695,18216600,120.65694427490234,5152200,80.63263702392578,27845600,105.4113311767578,6150900,114.57331848144533,2527500
90.66112518310548,118655600,34.740352630615234,22692000,122.3773193359375,6156400,82.66890716552734,18625300,106.06535339355467,6023300,116.10733795166016,2491900
90.37981414794922,112424400,33.8403434753418,17407600,122.26604461669922,5622600,80.33678436279297,25757200,106.5798568725586,6866300,114.1068878173828,2018100
92.48477935791016,117092000,33.76207733154297,18291400,122.62552642822266,6257400,81.18956756591797,18762200,107.16410064697266,6494100,114.9411392211914,2279500
92.88248443603516,125642800,32.3690185546875,25882000,121.95792388916016,5738600,79.4317626953125,25600800,106.80658721923828,5341000,112.7881851196289,2663500
93.0449676513672,90257200,33.378597259521484,18951000,121.8552017211914,4282400,83.77406311035156,28954200,108.0361557006836,6752600,114.83349609375,2691400
92.6157455444336,191649200,33.386417388916016,20028300,124.2859878540039,6951900,84.97494506835938,32079200,108.1756820678711,7681500,117.1300048828125,3708400
94.14837646484376,170989200,34.48990631103516,21444100,126.6054916381836,7447100,85.46222686767578,42731700,109.08257293701172,6272100,122.7905044555664,6540800
94.79586791992188,153198000,34.92818069458008,17332400,126.896484375,8512800,86.7849349975586,22508400,108.56810760498048,8145000,124.1181411743164,4915200
93.62942504882812,110577600,34.654258728027344,14673700,127.74381256103516,9304700,87.02859497070312,16886900,108.7948226928711,3959300,124.29753112792967,3621500
93.44023895263672,92186800,34.05947494506836,17958900,127.8294677734375,7441100,85.41873931884766,16137700,109.5534896850586,4868600,123.72820281982422,2458200
95.409423828125,90318000,33.261199951171875,18553900,128.0434112548828,6191500,84.67037200927734,14458100,109.21339416503906,4242100,121.67658996582033,2478000
94.09259033203124,103433200,34.94382858276367,28821800,128.16319274902344,5575900,86.50647735595703,17798100,109.0651397705078,5162300,122.79727172851562,3221100
94.35692596435548,89001600,34.129905700683594,21345400,128.3943328857422,5910200,85.87994384765625,14271200,109.99822235107422,5929200,123.80045318603516,2156800
90.06214141845703,197004400,34.200340270996094,17934400,128.0519561767578,6566300,86.13228607177734,12870200,110.70990753173828,6664800,123.45703125,1613700
89.83901977539062,185438800,33.989036560058594,16415300,126.77667999267578,5405900,85.52316284179688,12744200,110.53440856933594,6014200,124.3427276611328,2036300
91.96823120117188,121214000,34.48990631103516,18547900,125.9721450805664,5675200,84.32227325439453,11959100,110.85030364990234,6464600,126.43048858642578,2506900
90.45742797851562,103625600,34.082950592041016,19190500,125.6725616455078,4842200,84.687744140625,11754300,112.21926879882812,7644400,124.7494125366211,2029900
92.19134521484376,90329200,34.45860290527344,14143200,125.42433166503906,4489100,86.74144744873047,12743500,112.59661102294922,6702000,127.00890350341795,2338300
93.30687713623048,158130000,32.76815414428711,29901100,125.68109130859376,5922500,84.42668914794922,14834800,115.32576751708984,10400700,123.57452392578124,3063500
103.07505798339844,374336800,32.93250274658203,32116200,124.75670623779295,8259600,84.09600830078125,14535000,115.0624771118164,8487000,120.09494018554688,6780900
105.67230224609376,308151200,33.0655403137207,23033600,126.11761474609376,4078700,83.62611389160156,12962800,115.2116470336914,7769400,119.10079193115234,2851100
106.37799072265624,173071600,34.02033996582031,17724000,126.00635528564452,4162200,83.14749908447266,13366200,117.40550231933594,7773700,118.86580657958984,2301800
106.7635726928711,121776800,34.31774139404297,17175100,127.01631927490234,5467500,84.592041015625,15260900,117.0983657836914,5680000,121.98384857177734,2767800
110.48846435546876,202428800,34.15338516235352,14434900,126.288818359375,4837900,84.61814880371094,10482100,116.4577865600586,3974100,121.45965576171876,2446400
107.97644805908205,198045600,33.996864318847656,18757900,127.18749237060548,3635100,86.48037719726562,14743700,117.19487762451172,4934900,121.93868255615234,2223700
109.54586029052734,212403600,34.834266662597656,24367800,126.69963073730467,4096600,87.57681274414062,14989900,117.67756652832033,5812700,128.35556030273438,5181600
106.2879638671875,187902400,35.194271087646484,28987500,125.79238891601562,6388400,90.34407043457033,31518600,116.91407012939452,5329900,128.81646728515625,4206000
109.82038879394533,165598000,35.186283111572266,22503200,128.09475708007812,5257300,89.57828521728516,19240800,118.87100219726562,5920400,128.85263061523438,2541200
111.7639389038086,210082000,34.32438659667969,17338700,126.67391204833984,5155500,89.082275390625,13598600,119.1518096923828,4989500,127.13542938232422,2939900
111.66433715820312,165565200,34.47601318359375,13595700,126.87936401367188,4240200,89.11708068847656,12134400,118.55508422851562,5845200,126.4937515258789,2038500
111.37278747558594,119561600,34.02910232543945,15554600,127.52130889892578,4306900,86.76754760742188,14988000,118.90609741210938,5603800,125.37303924560548,2284000
112.3008270263672,105633600,33.86151885986328,13014000,128.46279907226562,4322600,85.55797576904297,13246500,119.79238891601562,8670700,125.05670928955078,1563200
112.4417495727539,145538000,33.48641586303711,14473100,128.71958923339844,7816300,85.75811767578125,13533000,119.14302825927734,6827700,124.74041748046876,1849500
114.93678283691406,126907200,32.97566223144531,15678500,129.60118103027344,4874700,84.73129272460938,13672600,120.09075164794922,4352200,124.25236511230467,2279700
120.8597412109375,338054800,32.728267669677734,25517700,130.74807739257812,6722800,84.687744140625,12228300,120.60851287841795,5706600,125.11093139648438,2524600
122.30524444580078,345937600,33.69392013549805,18208900,131.09268188476562,5387900,87.0721206665039,17898300,121.5474853515625,7420500,128.0482177734375,2921700
121.30192565917967,211495600,32.6245231628418,31285600,131.01513671875,3863500,87.45499420166016,13648900,122.03012084960938,4718300,127.5692367553711,2467500
122.95149993896484,163022400,31.93021583557129,26795000,131.2219696044922,8008300,86.2280044555664,12052400,121.4421615600586,4746200,128.18380737304688,2379900
121.48168182373048,155552400,31.714738845825195,32034300,131.80783081054688,5575400,89.06487274169922,22163900,121.28423309326172,6156100,129.57565307617188,3010300
121.28490447998048,187630000,32.47288131713867,33477100,132.3765106201172,5395700,89.43035888671875,13756700,121.77564239501952,4166300,129.8106231689453,3698700
125.39794921875,225702700,31.87434959411621,25259600,132.17832946777344,6362700,87.18522644042969,14219400,121.3895263671875,5596800,128.6176300048828,2886500
130.392822265625,151948100,31.467348098754883,22464100,130.54989624023438,6307700,87.1417007446289,11595600,121.25788879394533,5671800,131.99778747558594,2673900
127.69135284423828,200119000,31.275802612304688,26413400,132.54022216796875,6881900,88.45573425292969,14475700,123.30255889892578,8384800,134.90798950195312,4515500
117.46825408935548,257599600,31.21196746826172,28817200,128.85252380371094,8672800,88.17726135253906,23281200,121.32808685302734,7277900,132.63946533203125,4479100
117.54598236083984,332607200,31.188024520874023,24632500,128.02540588378906,7200100,90.08299255371094,26325500,121.06486511230467,7437700,133.92286682128906,5129400
109.63574981689452,231366600,30.46976852416992,38496400,126.87946319580078,8756800,86.95027923583984,22108600,119.29220581054688,6847500,134.23016357421875,4775200
114.00872039794922,176940500,30.286222457885746,25886100,128.98178100585938,6960700,87.7769775390625,13434000,121.2315444946289,6002900,137.9989471435547,5345100
110.28683471679688,182274400,29.52806282043457,34381200,126.57793426513672,6191800,86.87197875976562,15922800,119.95914459228516,5242500,135.4412078857422,4387000
108.83888244628906,180860300,29.448266983032227,26838600,127.3275146484375,3934700,87.95101165771484,13784300,121.2227783203125,4398000,139.02926635742188,3237100
112.10405731201172,140150100,29.256732940673828,26129900,127.81867218017578,4375800,89.16930389404297,19017400,121.65281677246094,4767400,138.74000549316406,2569300
112.27898406982422,184642000,28.94548988342285,23724200,128.2838592529297,3658800,86.39334869384766,23683000,121.65281677246094,4046500,134.30242919921875,4092400
108.9652099609375,154679000,30.17449378967285,30890900,127.86168670654295,4323000,86.75883483886719,19270600,120.83666229248048,6049900,136.57095336914062,3302000
107.2257308959961,178011000,30.166505813598636,24696200,126.80189514160156,5461400,85.76681518554688,18290100,120.6787109375,4648500,139.0653839111328,4487000
103.82449340820312,287104900,29.679702758789062,46853800,128.5337677001953,12174000,85.58407592773438,20121600,120.5470733642578,10192800,137.72781372070312,5113500
106.97307586669922,195713800,29.07317924499512,35351800,125.0184326171875,7574500,82.93865203857422,28378800,119.9679183959961,7092600,131.34707641601562,4278200
108.65423583984376,183055400,28.35492706298828,27303200,124.25161743164062,5295900,82.03366088867188,19257000,121.06486511230467,4722800,132.99195861816406,2579500
104.09661865234376,150718700,27.445140838623047,31251400,124.44976043701172,8784400,80.70226287841797,19952700,119.61688232421876,6373700,130.48851013183594,2420100
105.16556549072266,167743300,27.3892765045166,26796000,124.64791870117188,5614800,80.63263702392578,18366500,120.1522216796875,5708200,131.1753692626953,2138800
109.11099243164062,149981400,27.6446533203125,23486000,125.50090026855467,5531200,81.3375015258789,13293100,120.76644897460938,4969900,131.8712921142578,1848900
111.71533966064452,137672400,28.179351806640625,23396500,126.750244140625,5843200,83.6783447265625,20894100,121.1086883544922,5810800,133.47100830078125,2212700
110.86991119384766,99382200,27.35735321044922,20770500,126.70716094970705,6768600,82.97346496582031,12848200,120.45053100585938,4492100,133.22694396972656,1605600
112.54134368896484,142675200,27.39725875854492,22223700,128.27528381347656,8487700,83.77406311035156,16400600,121.96869659423828,8727800,134.7994842529297,3642800
113.4936981201172,116120400,26.43959045410156,36890200,126.93121337890624,6457800,84.38319396972656,15778700,122.1880874633789,5713400,132.59429931640625,2157400
109.83009338378906,144712000,26.31987953186035,32694300,126.00064086914062,5485600,85.18379211425781,15149600,121.2052230834961,6077900,135.51353454589844,3220500
113.2118682861328,106243800,26.926408767700195,22965200,127.71524047851562,4992800,86.98424530029297,13871900,122.31971740722656,6333900,138.72195434570312,2597700
109.9661102294922,161498200,26.647083282470703,26731800,126.0178680419922,5118200,86.0884017944336,19220400,122.51276397705078,6042900,136.95053100585938,2559800
111.83195495605467,96849000,26.734867095947266,23779300,127.41368103027344,5603100,87.59024047851562,16358500,123.46929168701172,4640900,139.8787841796875,2334200
111.72505950927734,83477200,28.13944625854492,34413700,128.2838592529297,4413500,89.39071655273438,15659000,124.30291748046876,4569800,141.5869598388672,1842900
113.6686019897461,100506900,27.72446632385254,29228600,130.0760498046875,5054100,88.88130950927734,13689100,125.41740417480467,6551700,143.64759826660156,4084200
120.88890075683594,240226800,27.636674880981445,17912800,130.8256072998047,7273200,89.97039031982422,16058000,126.7951202392578,5791500,146.9644775390625,4279800
117.68203735351562,262330500,27.309471130371094,20995100,127.8272705078125,11057600,88.51243591308594,21697300,126.5494384765625,4509400,146.52163696289062,3319000
117.76950073242188,150712000,27.253612518310547,17743000,127.60323333740234,7706400,88.02062225341797,15204100,126.40026092529295,3860700,147.86830139160156,4087100
117.30304718017578,112559200,27.493024826049805,23251600,126.81917572021484,5978600,89.33802032470703,17171200,126.21595764160156,4997100,149.16067504882812,2958500
115.6607437133789,115393800,27.21370506286621,22627200,127.60323333740234,6097000,89.153564453125,13275000,126.70742797851562,6806100,152.51370239257812,5569000
112.7065658569336,120639300,26.671022415161133,23645800,124.34639739990234,7250800,87.6517333984375,11725700,124.53113555908205,6427600,151.41110229492188,2757700
114.19336700439452,124423700,26.89448356628418,23040600,124.5445327758789,5325400,88.15235900878906,11257100,125.03128814697266,7582100,152.73060607910156,3007100
113.5714340209961,89946000,26.463531494140625,28619300,124.0103530883789,5221300,87.2740707397461,10730500,125.70701599121094,5649700,151.29359436035156,2502000
112.4830322265625,101988000,27.82022476196289,31831500,125.00120544433594,5279700,90.3568115234375,14837200,124.81661987304688,4502900,153.33619689941406,2356800
111.79307556152344,82572600,27.261592864990234,27429100,125.13904571533205,4154400,91.1736068725586,15087600,125.63733673095705,4278100,153.29978942871094,2857300
111.80280303955078,111850700,26.615158081054688,30888700,124.04480743408205,6929500,88.91643524169922,12410700,124.68431854248048,5315500,148.398681640625,4506600
113.3090362548828,92276800,26.19219398498535,27100700,123.33830261230467,4890100,87.23892974853516,10391700,125.61963653564452,6806700,143.5884246826172,4857900
108.06146240234376,143937800,25.194625854492188,42136400,119.21123504638672,8426100,84.78854370117188,16389500,121.47233581542967,8192200,137.45057678222656,5645100
112.065185546875,146129200,26.31190299987793,38622800,118.20313262939452,7205400,85.34187316894531,14208800,121.39292907714844,5476900,140.64224243164062,3867200
105.78752899169922,190272600,26.032588958740234,47885700,118.1342315673828,7364100,86.10597229003906,15194500,120.97817993164062,6422000,142.806396484375,4373500
105.7000503540039,122866900,27.12591552734375,40130300,119.4955596923828,7088000,88.04695129394531,15011600,122.21356201171876,6682800,148.4622802734375,4072400
107.32293701171876,107624400,26.66304588317871,36773000,119.33185577392578,6363000,90.8223114013672,17482600,124.61370849609376,6244200,152.48138427734375,4843600
111.70562744140624,138235500,26.51939392089844,35410100,120.1072769165039,10263500,88.04695129394531,18886500,124.10192108154295,5820600,141.15150451660156,9081700
115.67047882080078,126387100,26.47150993347168,30824100,120.41747283935548,8016200,91.64785766601562,17837400,125.63733673095705,5673100,148.29859924316406,4821600
115.53905487060548,114457900,26.1602725982666,33985600,122.56283569335938,5942500,90.42708587646484,12552800,126.38731384277344,4702300,146.661865234375,2983000
113.23197174072266,154515300,29.472206115722656,76879400,125.86278533935548,12351600,102.67021942138672,47792400,121.76350402832033,12664700,155.32754516601562,5969600
112.89126586914062,138023400,30.126056671142575,49055400,127.75829315185548,7386500,102.33645629882812,20539300,123.76659393310548,7854000,156.6732940673828,3499100
116.31780242919922,112295000,29.815467834472656,34124500,127.34471893310548,6382400,100.80827331542967,14443400,125.36373901367188,5554300,154.09088134765625,2345500
116.04524993896484,103162300,28.79383850097656,30933700,127.77552032470705,4710300,99.56990814208984,22063000,125.43433380126952,5631700,153.7908172607422,2185500
116.09393310546876,81581900,29.488555908203125,29241500,129.1540985107422,5893500,100.1934585571289,11847900,127.31383514404295,6466800,156.13681030273438,2120200
117.1063232421875,91183000,31.188552856445312,38596800,129.97267150878906,6266400,103.02151489257812,19858600,125.6814193725586,7976600,157.4825897216797,3902400
116.22045135498048,74271000,31.605375289916992,26521100,128.68020629882812,7297700,101.97637176513672,14553200,125.1960906982422,6396800,156.3186798095703,2110800
114.89656829833984,76322100,30.4121036529541,31068000,126.97421264648438,6661000,101.22105407714844,12571200,123.2724151611328,6097100,157.07339477539062,3165100
115.49037170410156,74113000,30.567398071289062,26954400,126.77609252929688,7987700,101.49333190917967,10202500,123.1224136352539,5284100,157.2189178466797,2012100
114.2248992919922,73604300,30.19143295288086,18351000,126.10406494140624,6354900,100.62384796142578,12718900,122.91949462890624,4726900,156.60968017578125,2449800
110.82752990722656,127959300,32.16932678222656,29367600,124.8200225830078,7318300,103.52214813232422,13209200,122.44298553466795,4770600,158.9283905029297,2403500
112.11249542236328,113874200,34.3106803894043,46979300,124.8200225830078,11034800,108.30873107910156,20121600,122.04590606689452,7101800,160.85609436035156,3447000
112.94967651367188,76499200,33.35443115234375,28178200,124.65513610839844,7594600,107.17575073242188,11715600,122.3723602294922,8411300,158.79202270507812,2506400
113.49481201171876,46691300,32.847694396972656,14971900,124.93279266357422,3059000,106.46434783935548,5983600,122.3105926513672,4252200,159.201171875,976900
115.88949584960938,169410200,31.164037704467773,45614300,125.52274322509766,15663200,103.53092193603516,14411800,122.54002380371094,11640400,157.84629821777344,2382600
119.46206665039062,127728200,31.46644401550293,32472900,127.92594146728516,9738200,105.1645050048828,12668900,122.98125457763672,7169700,157.54623413085938,2710200
119.8125228881836,89004200,32.64336013793945,29369500,128.52459716796875,7745500,107.18453216552734,10811300,122.08999633789062,6963000,158.1009063720703,1971000
119.6762237548828,78967600,32.864036560058594,27038900,129.27072143554688,7310500,106.48192596435548,12904400,121.18994903564452,8742500,158.79202270507812,2903900
119.0045394897461,78260400,34.06549072265625,28723600,130.37255859375,6747100,107.44801330566406,13583700,121.3046875,6617200,165.6845245361328,6086200
120.46472930908205,86712000,33.4279899597168,24899400,129.24473571777344,6634700,107.04401397705078,9724300,121.4899673461914,6918000,162.50196838378906,4587400
121.07799530029295,82225500,34.5231819152832,32573800,131.48309326171875,8339800,107.14940643310548,9592100,121.81649780273438,6493500,162.6201629638672,2001600
118.54704284667967,115089200,34.98086929321289,37824800,132.82786560058594,8440100,106.31504821777344,13073900,120.36930084228516,6773400,163.73866271972656,2915500
119.96826934814452,81312200,35.969810485839844,38058700,132.09039306640625,7392900,105.62999725341795,13668400,119.5751495361328,6800500,162.62928771972656,3109400
119.16029357910156,86939800,35.798187255859375,25478800,132.6977081298828,5977400,105.00640869140624,9981600,120.45755767822266,6548000,163.02938842773438,2673400
118.54704284667967,79184500,34.506832122802734,30595000,129.3314666748047,8547300,103.89981842041016,12112400,119.87513732910156,6485300,161.9018096923828,2533600
124.48505401611328,157243700,35.177032470703125,27138400,130.63284301757812,7612600,105.67390441894533,12590200,120.58109283447266,5397000,165.2571563720703,2360300
124.41693878173828,98208600,35.716453552246094,34273000,129.85203552246094,8486100,105.98129272460938,11169400,121.12818145751952,5382500,163.2202911376953,2031800
125.28333282470705,94359800,35.536643981933594,21204600,133.27896118164062,9920300,105.10303497314452,11618000,121.99293518066406,7405300,162.92022705078125,2296500
123.29747772216795,192541500,34.92366409301758,46596800,134.05116271972656,17137200,104.5848617553711,28954800,122.69003295898438,19988800,164.54791259765625,5262700
124.8258056640625,121251600,34.28616714477539,27869500,132.7584686279297,7893400,108.51073455810548,28323600,121.34877014160156,6732400,163.82046508789062,2071000
128.37889099121094,168904800,33.70587539672852,21792900,132.49813842773438,4699500,106.85958099365234,11788200,120.49285888671876,5023100,160.5651397705078,2493300
127.48333740234376,88223700,34.1390495300293,19085900,131.82144165039062,4607300,109.84569549560548,14973200,120.30754852294922,6004200,162.23825073242188,1862500
128.4665069580078,54930100,34.00010299682617,8039000,132.2812957763672,2114900,109.36266326904295,4164900,121.52526092529295,2588200,163.27490234375,585700
133.06118774414062,124486200,34.114532470703125,23877500,132.90594482421875,3855500,110.08283996582033,8072600,122.3723602294922,3714700,162.19277954101562,1508800
131.28948974609375,121047300,33.73038864135742,20287700,133.73013305664062,5212000,109.79302978515624,8389200,122.14295959472656,5139300,160.62876892089844,1490300
130.17005920410156,96452100,34.00010299682617,23807300,135.3872528076172,5412800,110.10041809082033,7398000,121.56940460205078,3261400,163.71136474609375,2720600
129.16738891601562,99116600,33.68952941894531,22786500,136.5411376953125,5099900,111.60225677490234,8580200,122.7782974243164,4076400,165.5117645263672,1717800
125.9744644165039,143301900,33.91837310791016,27764700,135.77764892578125,11765900,110.54833984375,16819900,121.61349487304688,8330900,165.62997436523438,4078300
127.53196716308594,97664900,35.55299377441406,44035100,137.3740234375,9602300,111.14984893798828,13731200,122.39002990722656,6856400,166.98484802246094,2933700
123.23906707763672,155088000,36.460205078125,36484800,138.66676330566406,8230100,116.36898803710938,24909100,123.6783447265625,10578000,176.2779541015625,8034700
127.4444351196289,109578200,36.74626159667969,29528100,139.13523864746094,7747200,120.19046020507812,21940400,122.52235412597656,7355400,176.61441040039062,5297500
128.54437255859375,105158200,37.15491485595703,28628200,138.8489227294922,8228900,120.3231430053711,12035100,122.46945190429688,7448500,176.64166259765625,3186600
125.55589294433594,100384500,38.28280258178711,38246200,138.26763916015625,7066200,122.1188735961914,15937900,121.63997650146484,7239900,176.2779541015625,2540800
125.3806610107422,91951100,39.13280487060547,36915100,137.19180297851562,6903200,124.03845977783205,18033500,120.9340591430664,6333500,179.6241912841797,2466100
127.4151611328125,88636800,39.57415008544922,29000300,136.98361206054688,6643100,124.15347290039062,14816800,121.11936950683594,6078800,178.12380981445312,3154700
125.48773956298828,90221800,41.11887741088867,35474800,139.37815856933594,10030800,124.87883758544922,18565600,119.8310546875,6172800,179.4968719482422,2486600
123.76473999023438,111598500,39.14097595214844,42411300,139.074462890625,7630800,122.6408233642578,27881000,118.93099212646484,7757600,176.96900939941406,3317100
124.4364013671875,90757300,39.91742706298828,24932600,141.22610473632812,9057600,122.11004638671876,19843800,117.88973236083984,9184900,177.39865112304688,2361200
128.52490234375,104319500,40.48137664794922,22342400,140.8790740966797,6839900,120.27891540527344,16028800,116.41612243652344,12506600,175.82632446289062,2501100
133.2364044189453,120150900,39.3207893371582,29044500,140.3151397705078,6818000,119.27050018310548,13411700,116.30160522460938,8761600,175.68919372558594,1951200
135.37799072265625,114459400,38.76502227783203,23264800,141.89414978027344,8137000,118.35050201416016,12933200,115.40499877929688,7202800,175.46066284179688,2027000
139.1257781982422,157611700,38.33184814453125,26395800,144.00238037109375,9924400,116.8731918334961,14212800,117.39350128173828,9640000,171.255615234375,3837100
139.3594512939453,98390600,37.490013122558594,23976800,147.9065399169922,14205700,116.3955307006836,11307800,118.14807891845705,5996700,171.13677978515625,2506000
138.28863525390625,140843800,37.06501770019531,32410300,145.6508331298828,14207300,113.10481262207033,17603900,113.96687316894533,10826700,165.1217041015625,4095300
133.45059204101562,142621100,37.645301818847656,24967200,146.76133728027344,8944400,115.0951690673828,13761800,115.72457122802734,8242000,168.51318359375,3445400
128.45680236816406,177523800,36.64818572998047,38961100,141.52976989746094,22505900,113.8213348388672,14808100,113.8159637451172,8344100,167.1419677734375,4541400
130.57887268066406,106239800,36.71357345581055,24412400,141.1653594970703,9971400,114.66170501708984,11080700,114.49063110351562,6534200,168.86056518554688,2738200
131.4062957763672,83305400,37.29386520385742,31940400,139.89869689941406,11443300,118.1912612915039,12253600,114.33084869384766,6825600,175.9726104736328,5265400
130.3842010498047,89880900,38.75685119628906,28459300,139.24801635742188,8601900,119.544677734375,10600800,114.47286224365234,7309400,175.01272583007812,2979000
133.7425994873047,84183100,39.5005989074707,25280300,140.54071044921875,7758100,122.2957763671875,12419500,114.54391479492188,6613700,175.19552612304688,2253800
133.32827758789062,75693800,40.82464218139648,34980100,142.67498779296875,9495300,122.05696868896484,10051300,115.02328491210938,5063700,176.4296417236328,2240000
133.47451782226562,71297200,42.58186721801758,36998700,143.08273315429688,6035300,123.96766662597656,10136400,114.66818237304688,7011200,180.49758911132807,2725700
132.5971221923828,76774200,42.08313751220703,28977000,144.25401306152344,5544200,123.4722900390625,8614800,114.22432708740234,5917800,180.34217834472656,2331600
131.99261474609375,73046600,42.490421295166016,25723800,144.7224578857422,5921300,123.54307556152344,10323200,113.82483673095705,8594100,180.7444305419922,2816400
131.7391815185547,64280000,41.42650985717773,26972200,144.07180786132812,4871300,123.1980972290039,9201000,113.9224853515625,6139200,181.32034301757807,2178200
131.97314453125,60145100,41.99171829223633,19756700,144.52293395996094,4413100,124.94959259033205,8324600,113.29219818115234,8407300,180.9912567138672,1804200
129.8478546142578,80576300,43.25512313842773,28060100,143.212890625,5656100,127.95723724365234,12130600,113.55852508544922,8246000,185.00433349609372,3722700
127.55681610107422,97918500,43.92838287353516,25509700,143.7247772216797,6676700,128.3553009033203,10810100,114.03791046142578,8845200,184.93121337890625,2290400
126.4552001953125,96856700,43.23849487304688,20627600,143.794189453125,5189100,128.7887420654297,10587800,114.9877700805664,6936400,182.7555389404297,2345800
126.61116027832033,87668800,43.52941131591797,22607200,141.3996124267578,8190900,130.93833923339844,11969800,112.84832763671876,8277900,191.88784790039065,4937300
122.83829498291016,103916400,45.13361740112305,36435100,141.3123016357422,6447100,132.16795349121094,11488400,112.36896514892578,6975500,199.3380889892578,4578300
122.7017822265625,158273000,45.75699615478516,33527900,140.06393432617188,7042800,133.2294464111328,16234400,113.20340728759766,10145300,201.27609252929688,4125100
122.20458984375,111039900,47.12845993041992,28728600,141.9408721923828,10286100,135.57363891601562,15061400,113.32771301269533,7263000,203.3694610595703,4925000
117.9540023803711,148199500,46.34714889526367,29670900,142.08932495117188,9719700,133.7336883544922,18127700,112.36896514892578,7790800,202.7752685546875,4313000
118.21723175048828,164560400,45.19178771972656,35291000,138.3354034423828,14417500,130.1864471435547,19829200,109.6613998413086,17718800,197.34527587890625,4461300
124.58336639404295,116307900,46.87911987304688,36998300,139.08621215820312,10551400,133.13214111328125,14845500,110.33605194091795,7740200,200.89212036132807,2871200
121.9803695678711,102260900,46.60480880737305,30302600,138.8242645263672,7610900,132.6986846923828,14221700,109.9898452758789,10206500,197.29039001464844,2854300
118.99713897705078,112966300,46.97885513305664,35358900,136.37986755371094,8499600,135.26405334472656,14324100,109.33291625976562,7537000,196.45852661132807,2664000
117.11557006835938,178155000,48.79915237426758,52137500,133.62991333007812,11033200,133.1852569580078,20093900,108.43633270263672,10228100,194.5022735595703,3568400
118.37321472167967,153766600,50.6443977355957,51429800,136.275146484375,8331600,133.4948272705078,18465100,111.8363265991211,10490900,201.2577972412109,3602300
113.44017791748048,154376600,50.59453201293945,38154600,137.4099884033203,6546700,135.26405334472656,17133300,113.01700592041016,9224700,202.555908203125,3048700
118.0514907836914,129525800,49.813209533691406,35645900,137.6719207763672,7461300,134.30865478515625,16238800,112.01387786865234,8859700,198.18626403808597,2902400
116.96935272216795,111943300,51.34260177612305,31579100,138.93777465820312,6635600,137.2278289794922,14342200,113.04362487792967,9070900,202.0805206298828,2435800
118.89966583251952,103026500,50.96025848388672,24802600,138.9290313720703,6305600,136.5112762451172,11771500,112.66193389892578,6941500,200.89212036132807,2960000
117.99300384521484,88105100,51.50883865356445,20422700,139.33062744140625,5474800,138.13011169433594,12849500,113.75382232666016,6521900,209.3388214111328,4756500
120.87871551513672,92403800,50.195560455322266,31243600,140.04649353027344,5524100,137.44012451171875,12101100,114.1266632080078,7172600,210.92941284179688,4215300
122.4190673828125,115227900,49.13163375854492,30624800,140.87582397460938,6369100,135.79476928710938,12805600,114.46400451660156,6485200,207.01687622070312,3539200
121.62937927246094,111932600,49.34774017333984,25575500,140.35205078125,6001400,137.19244384765625,13952400,114.0023956298828,6192900,213.5712890625,3518500
117.50553894042967,121229700,47.21990585327149,38622800,140.09010314941406,4801800,139.45700073242188,21898500,114.2509536743164,6871300,210.8746032714844,4336200
116.97908020019533,185549500,46.95392227172852,84439400,139.71470642089844,14891500,137.23667907714844,54418800,113.63842010498048,20262100,205.9473419189453,7485100
120.29377746582033,111912300,46.47182846069336,29315100,140.1163330078125,7544100,133.5478973388672,19944800,115.56476593017578,8077600,206.6146545410156,2211600
119.46510314941406,95467100,45.89830017089844,33493300,139.9853515625,7178300,132.21217346191406,17076300,117.7131118774414,9503800,199.51177978515625,4017600
117.07656860351562,88530500,46.829246520996094,29781800,141.34727478027344,6370100,133.23829650878906,13079800,117.67760467529295,8318000,202.23594665527344,4258000
117.56405639648438,98844700,46.69624328613281,31495900,141.39962768554688,6269800,134.945556640625,15608300,118.49431610107422,7517300,204.9966278076172,2901800
118.16847229003906,94071200,47.96796417236328,34226500,143.98367309570312,7619200,137.19244384765625,16754400,120.24312591552734,10821200,209.7958984375,3040100
118.3439483642578,80819200,47.71030426025391,21144400,144.9527130126953,8535100,135.06056213378906,17570300,122.12512969970705,11176000,210.4540557861328,3003200
116.89137268066406,85671900,47.120155334472656,20303400,144.0535430908203,7236300,136.65286254882812,13184300,120.24312591552734,8090600,213.06854248046875,3139100
119.08489227294922,118323800,46.40533065795898,23686500,143.47740173339844,8281500,134.6624755859375,16736700,120.22537994384766,9202600,211.96240234375,4512300
119.9135513305664,75089100,47.70198822021485,23194500,142.1504364013672,7229700,135.97171020507812,16561500,119.20450592041016,9117800,212.7577667236328,3787100
122.74079132080078,88651200,46.96223068237305,23264800,142.6741943359375,7387100,136.6924285888672,13508000,121.1308364868164,8279100,213.6444549560547,2323400
123.04300689697266,80171300,46.829246520996094,18926300,142.63929748535156,5074200,135.73143005371094,13071600,121.1752471923828,6180600,210.8380279541016,2614500
124.69062042236328,83466700,47.03702545166016,22385000,142.8313446044922,4608000,137.8580780029297,16903500,121.38831329345705,10244500,210.6277313232422,2449600
127.08885955810548,88844600,46.54663848876953,21999300,142.27259826660156,5039400,138.0271759033203,12335500,121.84993743896484,6190300,210.69174194335935,2158900
129.66259765625,106686700,46.43858337402344,20020700,140.77108764648438,8418300,139.05934143066406,12122400,121.05984497070312,5855400,210.9385986328125,2482900
127.9468231201172,91420000,46.13103485107422,20238800,141.1115264892578,5022800,138.76571655273438,12273400,121.5481185913086,6440900,211.1030731201172,1688200
131.05673217773438,91266500,46.30558776855469,19370600,139.2258758544922,18424100,137.1106719970703,16113600,119.94129943847656,9161200,209.6587829589844,2286400
128.7169647216797,87222800,47.643802642822266,28051100,139.60995483398438,7718300,134.54803466796875,19939600,120.3763198852539,7584000,212.6114501953125,2491000
131.12498474121094,89347100,47.36120223999024,23250300,140.02032470703125,7524600,135.40220642089844,17694100,121.8321533203125,7945300,212.55661010742188,1860200
130.79351806640625,84922400,47.095211029052734,22752000,141.63534545898438,9049400,136.40773010253906,13773400,121.84103393554688,7708500,213.3244781494141,2128400
131.45645141601562,94264200,46.94560623168945,21123300,142.02818298339844,8353500,135.82933044433594,11900200,121.27288818359376,9149400,212.437744140625,1712600
129.76988220214844,94812300,45.956485748291016,21782100,145.33685302734375,14050700,132.82176208496094,13716700,122.284912109375,10040500,208.08644104003903,2815800
130.1500701904297,68847100,46.54663848876953,16625600,145.43289184570312,6333200,133.95181274414062,12236700,121.48595428466795,8465900,212.50177001953125,1977700
128.62924194335938,84566500,45.93986511230469,21600100,144.2019500732422,7233000,131.13113403320312,15256100,120.27984619140624,7338300,209.23825073242188,2410700
130.94952392578125,78657500,46.18921661376953,15337900,144.49876403808594,6015300,133.640380859375,14041900,119.6633758544922,6708300,211.30438232421875,3458300
131.3394775390625,66905100,46.28065872192383,16083800,143.27655029296875,6027800,133.96966552734375,10799100,117.2690658569336,9910600,211.7176055908203,1864800
131.01773071289062,66015800,46.88741683959961,19278600,142.45596313476562,6217700,134.58360290527344,12821200,117.19757843017578,8296800,211.5155792236328,1959300
130.22808837890625,107760100,48.30044555664063,24729800,141.40835571289062,7448000,135.45559692382812,8943700,117.39413452148438,6262800,213.31539916992188,2965300
130.1305694580078,151101000,48.990333557128906,27318400,143.34642028808594,6394300,138.08946228027344,12976900,118.38580322265624,6786800,208.88015747070312,5442400
128.16128540039062,109839500,47.57731246948242,30518400,142.06309509277344,9079100,136.8615264892578,11705100,119.19879913330078,9188600,209.46783447265625,3953500
129.2141571044922,75135100,48.89058303833008,20509600,144.22813415527344,6594100,136.46109008789062,11801100,120.61042022705078,8070300,209.52291870117188,3182900
124.64183807373048,137564700,49.198123931884766,23522200,146.46304321289062,10179500,138.34750366210938,12977700,120.19942474365234,9624000,214.3346710205078,4040700
124.88558197021484,84000900,50.67764663696289,31526200,145.8519287109375,7792300,140.16270446777344,10506700,119.23456573486328,8295900,218.4394073486328,3690600
126.48442840576172,78128300,51.15973281860352,26836800,146.43682861328125,5529900,142.9833984375,13542400,120.73548889160156,9771100,217.6955718994141,4527000
127.15826416015624,78973300,51.89118957519531,33610600,147.100341796875,5316200,143.4727783203125,14257800,120.74441528320312,6299100,221.29525756835935,3327900
123.87699127197266,88071200,52.01586151123047,31956600,148.64549255371094,8357500,143.4550018310547,14014300,122.99581909179688,8852700,222.78282165527344,3752900
122.95905303955078,126142800,50.36179733276367,34563800,147.43203735351562,8217900,141.0702667236328,15451700,122.38829040527344,10973700,219.74331665039065,3163100
119.8926239013672,112172300,50.63164520263672,34426500,146.83840942382812,6758300,140.10043334960938,14381700,121.09284210205078,8853700,217.92518615722656,3668500
122.04106903076172,105861300,50.00761032104492,24268200,148.37490844726562,8018600,143.7041473388672,15395000,123.04048919677734,8753600,220.4504547119141,2228100
124.4629364013672,81918000,51.247257232666016,20735400,148.6018524169922,5797700,145.9375762939453,10584000,123.29956817626952,5989500,222.4339141845703,2041600
123.31060791015624,74244600,52.44474792480469,25282500,148.75027465820312,5722600,146.52481079101562,9886800,123.04942321777344,7690700,224.7846527099609,1998400
121.9238739013672,63342900,50.960540771484375,25170800,148.8026885986328,5846000,144.46046447753906,11098100,121.78972625732422,9239100,219.8994598388672,2436200
121.76761627197266,92612000,49.73776245117188,28889800,148.4796600341797,5533800,143.3571319580078,13278900,122.03987121582033,9806800,217.51194763183597,3143100
124.32621002197266,76857100,49.61968612670898,20692500,149.3439483642578,4853200,143.10797119140625,10426000,123.29063415527344,8768200,215.7855682373047,3339200
122.49028778076172,79295400,49.68715286254883,20792700,149.2478790283203,6501800,144.736328125,10249000,123.29063415527344,10161000,217.8516845703125,2479100
124.12114715576172,63092900,50.26903533935547,18400300,149.81887817382812,5195100,145.5193328857422,9440300,123.25489807128906,6981300,219.5137481689453,2372700
123.92584228515624,72009500,49.13057327270508,25616100,149.40602111816406,7444700,144.0155792236328,12609100,123.67481231689452,8142400,217.78741455078125,2265700
123.87699127197266,56575900,49.70402526855469,21698700,148.51878356933594,5726400,143.99778747558594,13058300,123.3978271484375,8122900,218.2832946777344,2070000
122.34380340576172,94625600,49.38357162475586,33556000,148.29039001464844,8114700,146.24008178710938,15707500,120.59253692626952,33095700,221.56153869628903,3594700
121.68950653076172,71311100,49.22334671020508,19246800,148.67686462402344,6400800,146.1422119140625,10291300,120.47640991210938,10477100,221.37786865234372,2290700
121.36722564697266,67637100,50.98583221435547,28474200,145.4090576171875,10448400,147.75277709960938,9445400,118.71638488769533,9993900,222.92056274414065,2476000
122.1289520263672,59278900,51.39061737060547,22978300,145.9976348876953,6806000,147.7616424560547,10498600,119.23456573486328,8254100,223.5633850097656,2348500
120.64456939697266,76229200,51.59300994873047,20272800,145.85707092285156,5808800,147.8595428466797,13354400,121.36980438232422,11249800,223.91232299804688,1923200
122.93950653076172,75169300,51.820709228515625,20427800,145.7955780029297,6510300,148.09982299804688,8510800,121.45914459228516,6894400,224.0775909423828,1837900
122.94928741455078,71057600,51.48338317871094,15477900,144.80294799804688,5362800,147.40577697753906,7267200,121.87905883789062,8418000,220.1656951904297,2330700
123.7695770263672,74403800,52.39414596557617,28953400,143.52920532226562,7746800,146.81846618652344,10370700,120.46746826171876,6911500,220.5330352783203,2212300
124.15042877197266,56877900,52.83266067504883,29133000,145.46177673339844,5552600,144.98544311523438,12377400,120.42276763916016,6200700,215.47332763671875,2919600
123.15435791015624,71186400,52.91698455810547,27488700,146.77066040039062,6463100,142.725341796875,12119400,121.3161849975586,6515500,207.28233337402344,6281800
124.36528778076172,53522400,52.42787551879883,17631700,144.90835571289062,7389900,142.62745666503906,13683800,120.4853286743164,10641400,202.66339111328125,8734900
127.42196655273438,96906500,52.343544006347656,16997200,145.2685546875,4931300,140.2071533203125,19917900,120.530029296875,6302000,201.1114959716797,7213300
126.6016082763672,62746300,54.2494010925293,30717100,144.49546813964844,5062900,138.0805206298828,24485500,120.29769897460938,5543400,201.52476501464844,5055900
127.09964752197266,91815000,54.055442810058594,24803200,144.4427947998047,6988500,139.0504608154297,25321200,118.6270523071289,8936400,199.4127197265625,4156900
128.7012176513672,96721700,52.27608489990234,28491800,145.13673400878906,5874700,135.03741455078125,29722400,119.70806121826172,7875600,192.3327789306641,7995300
127.4023895263672,108953300,50.93523788452149,39590700,142.29058837890625,12993000,131.62051391601562,43595700,117.95700073242188,13997600,191.79104614257807,7156400
129.19927978515625,79663300,52.78206634521485,33145400,143.92453002929688,6592300,133.85397338867188,18664800,118.8861312866211,8014800,195.7855224609375,5633900
130.83987426757812,74783600,53.79402160644531,25140400,143.7312469482422,5627800,133.65821838378906,14251200,118.93077087402344,6550900,195.7120819091797,3776400
130.56646728515625,60214200,54.19037628173828,20701600,142.86158752441406,4493400,134.46792602539062,12733300,118.76105499267578,5796000,196.3181304931641,3283400
130.28323364257812,68711000,54.40962600708008,19568400,143.51162719726562,4549200,135.7047576904297,13733200,118.84146118164062,6056700,201.41456604003903,6827600
129.99029541015625,70783700,54.52769088745117,18438300,144.24952697753906,10963800,137.0750732421875,15484900,120.5389175415039,24504900,198.6321563720703,11274200
131.62112426757812,62111300,53.13624954223633,20570000,144.08265686035156,5604000,137.32421875,14125800,120.89633178710938,6065400,198.5954742431641,3172000
133.13485717773438,64556100,52.8073616027832,19579300,144.09146118164062,3749500,137.15516662597656,14528700,120.07434844970705,5792300,197.52105712890625,3443400
133.75003051757812,63261400,53.19528198242188,17875500,144.71511840820312,6151700,138.40089416503906,12531000,120.54785919189452,5776600,199.8443145751953,3249500
134.0527801513672,52485800,53.34706878662109,22530300,145.7868194580078,6320200,139.7711944580078,10479400,120.82484436035156,5922300,198.9994964599609,2426300
136.6797637939453,78852600,53.27117156982422,14555300,148.43966674804688,9059900,139.63693237304688,11424000,121.41447448730467,5572000,199.9636993408203,2433600
138.6914825439453,108181800,51.75322723388672,22110800,147.552490234375,6098500,137.29225158691406,15083400,121.48593139648438,6534400,196.07017517089844,4348100
141.1817169189453,104911600,50.94366455078125,21671400,148.81741333007812,6293500,137.45327758789062,12271800,122.3972396850586,5532700,197.14459228515625,2707700
139.88287353515625,105575500,50.71598434448242,18935900,148.52755737304688,5755500,135.0817413330078,17834600,122.3793487548828,7585200,194.77540588378903,3723800
141.7090301513672,99890800,51.63517761230469,20086000,149.1161651611328,6120900,139.4042510986328,13694500,122.4240264892578,5948700,199.6514587402344,3163800
141.11334228515625,76299700,51.5845832824707,21809400,148.8789520263672,7840500,141.39996337890625,19940400,122.52229309082033,6807300,200.71669006347656,2509000
142.2266387939453,100827100,51.34002304077149,17147300,148.69448852539062,4691200,139.29685974121094,22671700,122.37043762207033,5603800,197.60369873046875,2373300
145.6543426513672,127050800,50.201568603515625,21573600,149.70468139648438,6162900,138.82254028320312,14622800,123.27276611328124,5903600,194.34385681152344,3185200
145.00006103515625,106820300,49.71245193481445,15851100,147.90382385253906,6656900,139.1268310546875,11539300,124.3270034790039,7357100,194.1326446533203,2737500
142.95901489257812,93251400,48.33788299560547,27049500,147.6666259765625,5834900,135.94981384277344,14002700,125.53309631347656,9346300,190.9553985595703,4368800
139.11138916015625,121434600,46.67658233642578,37969100,146.59498596191406,8219700,131.52883911132812,22172900,125.47058868408205,9544100,187.4841766357422,5391100
142.7246551513672,96350000,47.19099807739258,26756100,147.97413635253906,9902800,133.98092651367188,15385200,124.80052947998048,8136300,191.98941040039065,3934300
141.9922332763672,74993500,48.708927154541016,20908700,148.88772583007812,7585200,136.8000030517578,12356700,124.36271667480467,6954700,194.5466766357422,3407300
143.35943603515625,77338200,48.16078567504883,13493800,149.31813049316406,5281900,135.07275390625,9913300,123.88626098632812,6013800,193.09722900390625,1931500
145.07821655273438,71447400,48.10175704956055,14088200,150.9081573486328,5014900,134.81324768066406,9666100,125.67532348632812,7906000,193.4388427734375,2302600
145.4980926513672,72434100,49.31610870361328,18387600,150.97842407226562,4484900,135.7171173095703,8208000,126.11585235595705,5925800,194.8236541748047,2157600
143.33013916015625,104818600,48.76796722412109,16861400,151.67237854003906,7089300,135.53814697265625,11218700,126.62830352783205,7075400,193.7803955078125,2472000
141.5821075439453,118931200,49.09684371948242,16855300,151.25074768066406,5750700,135.76185607910156,9217300,124.74932861328124,8520000,195.2021331787109,3246900
142.2266387939453,56699500,49.69559097290039,18607800,151.25074768066406,4214100,136.92526245117188,9063500,125.3966293334961,5430500,196.2361297607422,3419700
142.4414825439453,70440600,48.54869842529297,28652800,151.268310546875,5346400,135.83349609375,9805200,127.86895751953124,14394300,190.87229919433597,5834900
142.1094512939453,62880000,48.55713653564453,20873800,151.32981872558594,3721500,135.28756713867188,10203200,127.5542984008789,7009500,189.4044342041016,3977100
143.90631103515625,64786600,49.07997894287109,18208200,153.19210815429688,6033000,136.8268585205078,10394800,129.41526794433594,8455700,192.4879302978516,3580500
143.5059356689453,56368300,47.93309783935547,20868300,152.2873077392578,4793100,135.3502197265625,10155000,128.04876708984375,6628000,188.81358337402344,2948700
143.61337280273438,46397700,48.23669052124024,15180200,152.5772247314453,4291000,137.05953979492188,9151500,128.11167907714844,5363300,191.27850341796875,2685800
142.92874145507812,54126800,48.79326248168945,14888500,152.0677032470703,4581100,140.95249938964844,13328800,127.13174438476562,6030100,192.34945678710935,2677100
142.8798065185547,48908700,48.23669052124024,17828200,152.59475708007812,3950200,140.80038452148438,9516900,127.82398223876952,4743800,192.8479766845703,2747200
142.40057373046875,69023100,49.06311798095703,16340200,152.6474609375,3678300,142.527587890625,8667000,127.9049301147461,5253500,197.6301422119141,4193600
142.65492248535156,48493500,49.20647430419922,18278600,152.67384338378906,4221300,144.2279815673828,9156500,128.2195281982422,4205000,204.6372833251953,7794100
145.61830139160156,72282600,49.09518814086914,19225500,153.90365600585938,4300400,144.79177856445312,8844200,128.51626586914062,4956100,203.32635498046875,4444500
145.8236846923828,59375000,48.59867477416992,20063000,154.82598876953125,5882100,143.1719207763672,8980900,129.1365966796875,4888800,201.7845916748047,2049400
147.79931640625,103296000,47.88814163208008,16959500,156.22271728515625,4782800,142.2322540283203,8755800,130.03564453125,6040800,200.99066162109372,3132500
146.88973999023438,92229700,47.56283950805664,16243700,157.65460205078125,6041900,140.5139617919922,9347200,130.2513885498047,7577000,197.04855346679688,4022800
143.1438751220703,86326000,46.56124496459961,21890500,155.65176391601562,7134100,139.2342071533203,8065500,128.83094787597656,7162000,193.69729614257807,2947700
143.47637939453125,86960300,45.14018630981445,30923500,156.864013671875,5615000,138.07081604003906,9517700,130.3502960205078,5787200,188.7489471435547,4788100
144.9336395263672,60549600,45.148738861083984,16918300,157.62826538085938,5428700,138.46461486816406,6974100,130.440185546875,5273800,189.20132446289065,2765500
146.42027282714844,60131800,47.00640487670898,21632600,156.94784545898438,6461700,140.23654174804688,7934600,129.77491760253906,4522200,193.0787506103516,2827400
146.3322296142578,48606400,47.39162826538086,17915600,154.98609924316406,5734800,141.1046905517578,7670900,128.7230224609375,4560400,196.26382446289065,2485900
145.0999755859375,58991300,47.47722625732422,13270300,153.9610595703125,5700300,144.01318359375,11335000,128.2645263671875,3861500,198.26715087890625,2599800
144.2979736328125,48597200,46.83518981933594,11842600,153.13922119140625,5031600,144.75595092773438,11027500,128.03973388671875,4749400,195.01747131347656,2513900
145.3346710205078,55802400,47.74261474609375,15822500,152.81228637695312,7046100,145.9193878173828,8780200,127.94087982177734,4741200,196.48538208007807,2511400
149.75534057617188,90956700,47.22040939331055,14086100,153.4573211669922,3252700,143.58358764648438,7937600,128.49827575683594,3845800,195.21131896972656,1922100
148.4936981201172,86453100,46.67253875732422,27104100,152.989013671875,7106800,143.1450653076172,12340800,128.0127716064453,9642400,194.6759033203125,2857900
149.15875244140625,80313700,46.03047943115234,21644100,153.52804565429688,5327400,142.93927001953125,8729900,129.31639099121094,6214200,191.98941040039065,4122900
150.2737274169922,71115500,47.15193176269531,23293300,154.57960510253906,4544300,143.60150146484375,8813300,129.41526794433594,5392500,195.51605224609372,2921600
150.90940856933594,57808700,46.97215270996094,13840000,154.67677307128906,4096900,142.73342895507812,7959700,129.50518798828125,5466400,194.2143096923828,2512000
153.2469024658203,82278300,46.69820785522461,14354400,152.2732391357422,6859900,142.48284912109375,9285600,129.01966857910156,6520600,192.2386474609375,2641100
151.7016143798828,74420200,46.27018356323242,18756700,151.90206909179688,4661700,141.847412109375,7852700,129.99966430664062,6897800,190.8907623291016,2603100
150.6844940185547,57305700,46.304420471191406,19110800,148.51768493652344,7114600,142.4649658203125,7904300,129.45126342773438,6354700,189.6444549560547,2777900
145.69651794433594,140893200,46.21025848388672,15123700,147.54562377929688,6699300,140.8271942138672,8311600,129.5771026611328,5750000,189.26589965820312,2551200
146.2637939453125,102404300,47.400184631347656,22052300,146.51171875,6273500,143.06451416015625,10052800,130.9705810546875,9952500,190.36453247070312,2699100
144.86520385742188,109296300,46.72389602661133,19940300,145.62808227539062,5259600,140.5677032470703,11685600,130.74581909179688,5831800,186.7917633056641,3757600
145.75521850585938,83281300,48.29905319213867,23240900,146.17596435546875,7935300,141.5431671142578,11691500,130.4671630859375,6237100,189.9306640625,3342700
145.52047729492188,68034100,47.7854118347168,17907200,145.99920654296875,5665400,141.48049926757812,10880900,129.5591278076172,6142100,187.96420288085935,3120100
142.85047912597656,129868800,47.22040939331055,30000400,145.5838623046875,13419800,141.11358642578125,25581600,129.76588439941406,18737400,184.40988159179688,6351100
139.79905700683594,123478900,45.96199798583984,27555100,144.75323486328125,7270800,136.88949584960938,15819900,128.4623260498047,10238700,176.16567993164062,9151100
140.2782745361328,75834000,45.9192008972168,19696800,145.3894805908203,6663600,136.9073944091797,8999900,128.66009521484375,6651300,175.2609405517578,5699900
142.64511108398438,76404300,47.26321029663086,25690600,144.8592529296875,5657100,139.52955627441406,11236200,129.1006317138672,6332500,176.65496826171875,3924400
143.60357666015625,64838200,48.864051818847656,23069400,145.68106079101562,4697900,144.24583435058594,12336100,129.6310577392578,5171200,181.52024841308597,3367800
143.69158935546875,53477900,49.3006477355957,22328600,145.23927307128906,4399300,145.91043090820312,10102400,129.0556640625,5009400,181.70489501953125,2199500
142.17562866210938,74150700,50.76451873779297,32972200,144.1876983642578,5775500,149.4364776611328,13220900,127.35650634765624,5749700,184.6406707763672,3033100
138.79168701171875,108972300,51.29526901245117,37619300,143.8695831298828,7610400,148.63107299804688,13387900,126.39454650878906,7015300,185.1484222412109,3247500
139.69146728515625,74602000,51.26102828979492,23422800,144.93882751464844,5124100,148.51470947265625,7777100,127.6801300048828,5460000,182.6742706298828,2954700
138.39068603515625,89056700,50.35359573364258,31289600,142.71197509765625,6972300,146.49215698242188,13161200,125.68431091308594,6934900,177.2273712158203,4978100
139.5154266357422,94639600,52.15989685058594,24407300,141.80177307128906,8568300,149.57077026367188,11285000,125.48654174804688,5587200,179.40609741210938,3695500
136.08258056640625,98322000,52.8361930847168,33946700,140.69720458984375,8620700,149.40965270996094,14120000,124.77629089355467,5816000,178.29827880859375,2864600
138.00924682617188,80861100,52.75057601928711,29641600,141.01535034179688,5129000,151.84951782226562,12292900,125.2617645263672,6902700,177.7166748046875,3074600
138.8796844482422,83221100,51.7832260131836,25284900,141.3069305419922,7312600,152.17364501953125,8692600,126.9339828491211,5332900,177.12579345703125,3777700
140.14132690429688,61732700,51.92876052856445,19513600,142.57058715820312,5309200,153.13699340820312,10195400,127.94985961914062,5334600,180.7170562744141,3510500
139.75991821289062,58773200,53.229976654052734,22186900,142.20828247070312,4343200,153.2540283203125,8190100,127.41941833496094,6131800,180.17237854003903,2713200
139.671875,64452200,52.699214935302734,22121500,141.60745239257812,4101600,150.03086853027344,12154700,127.94985961914062,5995600,178.0767059326172,2015200
138.40048217773438,73035900,52.42527389526367,20198600,139.34523010253906,6686400,148.87847900390625,13032600,127.7610855102539,6734800,175.3347930908203,4706700
137.81365966796875,78762700,52.27974319458008,14991700,140.67953491210938,6901100,144.95301818847656,22753500,128.0577392578125,5689800,174.43008422851562,3253200
140.60101318359375,69907100,53.07587432861328,18594500,141.4836883544922,4579200,147.1768341064453,15176800,129.50518798828125,6777800,179.40609741210938,5212900
141.65728759765625,67940300,53.58095932006836,16092600,142.5352325439453,6918400,150.0038604736328,14267400,129.83779907226562,6923700,183.7359313964844,4736300
143.3297119140625,85589200,53.55528259277344,18282800,141.4925079345703,7465500,149.94985961914062,12672900,127.96782684326172,9119000,182.9604339599609,2809400
145.49114990234375,76378900,54.35997772216797,18933200,144.80624389648438,10081300,151.76852416992188,8053900,126.45748138427734,9555300,185.6931610107422,2626900
145.98016357421875,58418800,54.65959167480469,14305200,144.72671508789062,6003200,153.81224060058594,8185600,126.9519500732422,7352700,188.5089263916016,2936000
146.19532775878906,61421000,53.66656112670898,16564600,144.3909149169922,4524100,152.60580444335938,8415200,126.03829193115234,6545500,186.61636352539065,3071300
145.4227294921875,58883400,54.03466796875,14266800,144.67372131347656,4304300,154.65858459472656,8817900,127.3952178955078,5265000,186.26356506347656,2632400
145.373779296875,50720600,55.087623596191406,17939800,144.99183654785156,6715400,153.90228271484375,10159200,127.41329193115234,5382100,187.71173095703125,3294700
146.0388641357422,60893400,56.36315155029297,25585100,146.467529296875,6939100,154.3164520263672,8015100,129.2224884033203,6234900,185.3260040283203,2933600
145.57916259765625,56094900,54.8992919921875,21764500,144.69139099121094,7018800,151.10226440429688,9847000,128.29978942871094,9643500,182.06768798828125,3406700
149.2174530029297,100077900,55.05338287353516,16626400,143.90493774414062,6278800,153.3800811767578,7212900,129.0687255859375,4538500,189.45692443847656,4462700
146.50828552246094,124953200,55.19036102294922,23966300,143.9314422607422,8526800,152.9569549560547,8140100,129.34912109375,6239500,189.3826904296875,4292200
145.68675231933594,74588300,56.18338394165039,19656400,144.0551300048828,5846400,152.8759307861328,7435500,129.03253173828125,5038900,190.6544952392578,3215200
146.7234649658203,69122000,55.4899787902832,16300000,146.326171875,8450600,153.4791259765625,7173800,130.3170623779297,9954300,192.2696990966797,3429600
148.1612091064453,54511500,54.72808456420898,17372800,145.85781860351562,6717800,153.53314208984375,8402700,131.2126007080078,7620100,188.9556884765625,3137000
147.642822265625,60394600,55.13899230957031,17720100,145.45135498046875,8224400,151.5164337158203,9574200,131.45687866210938,6402500,188.9928131103516,2543500
148.17173767089844,65463900,55.66119003295898,18565100,144.41744995117188,6215900,151.30032348632812,7975600,132.108154296875,6062700,191.1186065673828,2591300
147.34898376464844,55020900,56.260440826416016,17696000,143.92259216308594,5578800,152.20965576171875,6413700,131.12216186523438,5854400,198.88845825195312,5944700
147.71136474609375,56787900,56.80831527709961,18781300,143.60446166992188,6112800,151.0572509765625,7990300,131.52020263671875,4873100,194.76683044433597,3310300
144.8807373046875,65187100,55.68914794921875,20177200,145.15969848632812,6225100,150.9132080078125,6999200,132.81378173828125,7334900,191.8519592285156,3261800
144.83177185058594,41000000,55.79325866699219,13319300,144.0904998779297,4118800,150.90419006347656,5815300,132.43385314941406,4096300,193.5785675048828,4819800
146.90823364257812,63804000,55.3681526184082,18158900,145.81362915039062,18995200,150.2289581298828,8113400,132.5785369873047,5687400,194.2655334472656,2018000
146.91802978515625,59222800,55.845314025878906,18849200,144.49697875976562,7496200,149.9588623046875,6492500,133.33847045898438,5510200,192.81741333007807,2392600
147.89747619628906,59256200,56.40923309326172,17028700,143.745849609375,7594700,148.87847900390625,9706100,133.14845275878906,7603900,190.7008514404297,2138000
150.33628845214844,88807000,55.79325866699219,15497000,144.28488159179688,5414500,148.07716369628906,9909600,133.06703186035156,4900200,188.4265289306641,3135700
154.6262969970703,137827700,55.18596649169922,16948200,143.50726318359375,6358700,146.79867553710938,8122500,133.0851287841797,5509300,186.97840881347656,2119900
157.25123596191406,117305600,52.63531494140625,32035500,143.9403076171875,7620700,144.88099670410156,12193600,132.81378173828125,6274300,186.06866455078125,2980100
157.71160888671875,117467900,53.36407470703125,21994400,142.04574584960938,7634500,147.96913146972656,14549900,133.7003173828125,6625400,187.86956787109372,2596500
158.09359741210938,96041900,54.76953506469727,21185900,142.9263153076172,7734000,151.50743103027344,12354400,135.18382263183594,7912800,190.6080474853516,3127100
158.61270141601562,69463600,55.07318115234375,15869700,142.52603149414062,5230900,150.31895446777344,9629800,134.47825622558594,5665200,192.22329711914065,3880500
153.58807373046875,76959800,53.13850402832031,24979600,141.6009979248047,8523100,145.7903289794922,13619300,133.40174865722656,6299800,184.4812469482422,3496000
156.9476318359375,88748200,53.4334831237793,18946400,142.09019470214844,9188500,145.1601104736328,12104400,134.80389404296875,7113300,181.8727264404297,4559900
161.90362548828125,174048100,51.91522979736328,34979800,138.69253540039062,14981700,142.9993133544922,18922600,130.7874298095703,11696400,179.48703002929688,6358000
161.38455200195312,152052500,51.871856689453125,30630600,140.6047821044922,9835800,142.15298461914062,12253400,132.43385314941406,8313500,177.74179077148438,3425300
160.39532470703125,136739200,53.164527893066406,29216000,139.72425842285156,11334700,145.14210510253906,12969900,133.2117919921875,9468800,182.68032836914065,3445700
158.51473999023438,118023100,52.82617568969727,22014700,141.76109313964844,8750500,142.5131072998047,12681800,135.5818634033203,11200800,183.6179351806641,3250900
161.92323303222656,107497000,53.424800872802734,19210500,144.92758178710938,9692000,144.19671630859375,11186500,137.6353302001953,11935100,186.8484344482422,2838400
167.66282653808594,120405400,54.02342224121094,19800400,145.30113220214844,8311300,146.36656188964844,9851600,137.27346801757812,7913400,189.8282470703125,2818000
171.48269653320312,116998900,54.17959213256836,18214400,146.1728057861328,6216400,144.69195556640625,11705700,137.8885955810547,8329300,189.5497894287109,2341200
170.97337341308594,108923700,54.31839370727539,16910300,147.56036376953125,8574200,144.46682739257812,11189600,138.6936798095703,8334300,189.49411010742188,1646600
175.7628936767578,115402700,54.66542434692383,17942400,147.19569396972656,6572200,143.89064025878906,10405400,140.62953186035156,7172300,188.8721466064453,3315200
172.12918090820312,153237000,53.46818542480469,17793700,149.8284912109375,11142300,142.18002319335938,12069000,142.6287078857422,8944000,186.82058715820312,1868500
170.7481231689453,139380400,53.39010238647461,22551100,151.46502685546875,10482400,143.2694091796875,12563600,143.15341186523438,8677500,187.18258666992188,2248800
175.615966796875,131063300,53.15585708618164,19961900,152.22105407714844,8552200,142.19801330566406,14014200,143.7052001953125,9152600,188.02735900878903,2193700
168.7206573486328,150185800,53.24261474609375,21187800,153.8843536376953,8998600,144.42181396484375,19542800,145.74057006835938,10852900,191.3877868652344,2856800
167.62362670898438,195432700,52.0800666809082,44338100,149.6327667236328,16726200,141.1356201171875,28082000,142.438720703125,24349400,186.9319610595703,6079600
166.26222229003906,107499100,51.32529067993164,21819300,149.20584106445312,7954500,138.59671020507812,15148000,142.80056762695312,9202600,181.4457092285156,3605100
169.43565368652344,91185900,52.487831115722656,19798900,148.72557067871094,7954200,140.5324249267578,11291300,142.7101287841797,6946000,184.09136962890625,2303400
172.03123474121094,92135300,52.91294479370117,14058300,149.3659210205078,4178200,141.0815887451172,7273000,144.12130737304688,6626300,187.6560516357422,3558700
172.65805053710938,68356600,52.93896865844727,13543300,149.65052795410156,3501500,141.5857696533203,8055200,144.82687377929688,5640900,191.41563415527344,2669600
176.62484741210938,74919600,53.69374847412109,12593700,150.91360473632812,3704800,142.39608764648438,6188100,146.51852416992188,4548600,191.582763671875,1711200
175.60618591308594,79144300,53.52022552490234,12781000,151.51841735839844,3187000,142.8282470703125,6342300,147.30552673339844,5929400,191.8055877685547,1393000
175.69436645507812,62348900,53.0517463684082,12733600,152.58575439453125,3662000,142.7562255859375,6398900,148.5267333984375,5346100,192.46466064453125,1334900
174.53860473632812,59773000,52.73942184448242,11940300,153.26174926757812,4231800,142.6841583251953,6948200,147.24220275878906,5911500,191.30430603027344,1465900
173.92153930664062,64062300,53.08645248413086,14072000,152.1588592529297,4409500,142.56716918945312,5805900,147.97494506835938,5327000,191.9169464111328,1374500
178.27029418945312,104487900,55.1252326965332,24282400,152.57684326171875,6012200,145.58323669433594,13120900,147.3597869873047,9317300,192.1582946777344,2055600
176.00775146484375,99310400,57.1987190246582,38584000,152.167724609375,6748400,151.10226440429688,20195800,147.8753662109375,9253800,202.44386291503903,5242300
171.3260040283203,94537600,57.91012573242188,34033300,153.18170166015625,7016100,148.33978271484375,17539400,148.54481506347656,9330200,203.994140625,5378200
168.46600341796875,96904000,59.272220611572266,30668500,152.6569366455078,7301600,149.91574096679688,14047500,147.2964630126953,7556000,206.07354736328125,3913200
168.6324920654297,86709100,59.75804901123047,23985400,154.720458984375,6986000,151.4011688232422,13913300,147.2150421142578,6098500,208.1157989501953,3673400
168.65211486816406,106765600,59.40233612060547,22760300,153.95550537109375,7698400,151.5460662841797,12922500,145.2068328857422,8055000,205.7486267089844,3734900
171.48269653320312,76138300,61.90093612670898,32936100,152.3188934326172,8341100,151.70005798339844,11854100,143.5242919921875,11957900,204.17984008789065,2944300
171.92344665527344,74805200,61.71875381469727,23045100,151.02032470703125,8116200,152.5605010986328,12568000,143.8408660888672,7127500,206.4541015625,2506900
168.65211486816406,84505800,61.27629089355469,21043200,150.1041717529297,6159400,152.37025451660156,13623400,143.18954467773438,6551000,210.7243194580078,5002300
169.51400756835938,80440800,62.3520736694336,23012900,149.28591918945312,5847700,143.0050811767578,40158400,144.56455993652344,10708000,212.5252227783203,3970600
166.31117248535156,90956700,63.40182876586914,32841200,148.62771606445312,7815600,137.00914001464844,32324800,141.77838134765625,10988400,213.38853454589844,5411900
162.81454467773438,94815000,63.427852630615234,26431600,148.1651611328125,5926500,134.8897705078125,22380000,146.545654296875,14088300,206.7656097412109,4991700
161.12989807128906,91420500,63.56665802001953,26774600,146.98220825195312,6011300,133.739501953125,14860800,147.33689880371094,10799100,202.07362365722656,3545600
159.07301330566406,122848900,62.61234664916992,35995200,146.6442108154297,10550300,131.4027557373047,20705400,147.90078735351562,10900400,199.70428466796875,3754700
158.2992706298828,162294600,63.15023040771485,41507000,144.95423889160156,14054600,131.2849884033203,28471400,146.7002716064453,14838100,199.9281768798828,5107300
156.4970703125,115798400,65.0068130493164,39278400,149.09909057617188,14081200,132.71603393554688,18915900,145.09954833984375,9369600,199.90953063964844,4554300
156.40892028808594,108275300,64.34748077392578,35252400,149.7661895751953,9963200,133.97499084472656,20709100,143.8353729248047,10707100,199.89083862304688,3558500
155.9485626220703,121954600,65.17166137695312,29174700,151.7318878173828,9066700,131.61105346679688,17536800,144.72669982910156,9083000,197.91329956054688,3678100
166.83029174804688,179935700,65.31047821044922,30595700,152.79922485351562,9783100,132.7884979248047,14117000,145.97265625,9494200,187.6431427001953,10747300
171.18887329101562,115541600,65.90043640136719,36085500,153.2439727783203,8054800,134.59088134765625,13985700,145.9272003173828,8950100,188.01626586914065,6179000
171.02236938476562,86213900,70.12547302246094,61033100,151.9898223876953,8154700,136.90049743652344,14584900,145.2814483642578,6284100,191.55160522460935,4026400
172.22706604003906,84914300,69.94326782226562,30299300,153.67088317871094,7382800,135.80458068847656,12441100,147.88259887695312,7558800,191.1691131591797,3492300
169.34750366210938,89418100,69.12777709960938,28529400,153.66197204589844,6240400,134.6814422607422,12474900,149.28318786621094,10474500,187.11143493652344,2748200
169.0631103515625,82465400,70.628662109375,32197500,152.6569366455078,6392200,138.17755126953125,16654400,146.909423828125,8959900,185.0779266357422,3930800
168.34718322753906,77251200,71.47886657714844,34949200,152.14993286132812,6065700,138.63949584960938,12572300,145.8089599609375,6430500,186.3931579589844,2402000
171.45602416992188,74829200,69.6309585571289,34356300,152.5501708984375,6296100,141.24795532226562,20411400,145.4815673828125,5048700,187.96026611328125,2407100
172.87802124023438,71285000,69.29763793945312,40106100,152.53237915039062,5387500,141.836669921875,9131100,145.15414428710938,8077400,189.9192047119141,2743700
168.79830932617188,90865900,68.63097381591797,28527700,150.6912078857422,10355300,141.24795532226562,16455600,142.94407653808594,7033000,189.4247894287109,3538500
165.385498046875,98670700,70.35902404785156,42002100,149.17027282714844,13125300,139.40936279296875,16830000,142.1437225341797,9341400,187.71774291992188,3826700
165.620849609375,86185500,69.28009796142578,34652800,147.2935333251953,8967600,138.1141815185547,17026500,142.55299377441406,9472200,186.45843505859372,2730500
169.4553680419922,62527400,68.41166687011719,25075100,148.81443786621094,6631400,140.1339569091797,9500000,142.62576293945312,6659200,189.7419586181641,2752600
169.2200164794922,61177400,68.72747802734375,21733800,148.72557067871094,8482400,140.3875274658203,9076500,143.7080078125,9315700,189.9564971923828,2253900
165.620849609375,69589300,68.62220001220703,23738800,147.8182830810547,6227600,137.154052734375,11367500,145.35421752929688,7925500,181.65451049804688,4699600
164.0713653564453,82772700,67.85906219482422,23394800,146.23387145996094,6423200,137.79714965820312,11733300,145.4269561767578,8063200,179.05194091796875,4385200
161.1488494873047,91162800,67.069580078125,35947800,144.24656677246094,6868900,137.5526123046875,11333500,143.63526916503906,8179500,178.3616943359375,3488000
156.98086547851562,90009200,67.34150695800781,25385000,144.31822204589844,8016900,134.67239379882812,11799000,141.84359741210938,6273000,174.1267852783203,3550400
159.59934997558594,141147500,66.49064636230469,46199900,141.5610809326172,12883400,130.92271423339844,25655100,138.0237274169922,13145100,172.27980041503906,5919500
161.66860961914062,91974200,68.28008270263672,28310300,148.5970916748047,11340400,134.0203094482422,18367700,143.91722106933594,8888800,174.49057006835938,3594600
161.93338012695312,95056600,68.78886413574219,32204600,147.3170166015625,9373500,128.43194580078125,31315300,141.77992248535156,8669200,174.97560119628906,5168500
160.05047607421875,83474400,69.44674682617188,40002300,146.8067626953125,8737800,123.58629608154295,36840400,139.43344116210938,8311900,170.54481506347656,5110600
163.34561157226562,79724800,70.63973236083984,44321400,148.6328582763672,6793300,126.14952850341795,19405600,139.8699951171875,6111300,179.66761779785156,5849900
163.02197265625,76678400,71.08708953857422,30196600,150.8170928955078,7333700,125.25281524658205,16640800,140.38839721679688,7451200,181.7571258544922,4429700
160.02102661132812,83737200,73.76250457763672,42802200,151.71224975585938,6302500,121.72956085205078,21016000,141.09780883789062,8639100,182.5126953125,4334700
156.22572326660156,96418800,76.42037200927734,55207900,154.15603637695312,11663400,117.02886962890624,27560100,139.0059814453125,8374500,183.4828186035156,6912300
154.401611328125,131148300,76.99931335449219,72082300,151.0319366455078,11100300,116.20464324951172,19207800,133.50360107421875,9517200,195.88909912109372,9318600
159.8052978515625,91454900,72.62216186523438,65466700,151.60482788085938,7248200,120.86006927490234,17536200,135.30438232421875,7044100,195.6838836669922,4798300
155.46078491210938,105342000,74.87651824951172,44644200,151.87338256835938,6171400,119.42906188964844,15604200,131.821044921875,9221000,197.558837890625,4886300
151.74392700195312,96970100,74.49057006835938,35303400,151.59588623046875,5188000,116.73902893066406,20061800,130.2567138671875,7086100,200.3945770263672,4045500
147.71324157714844,108732100,71.82392883300781,37462600,153.69052124023438,7729500,117.89835357666016,15786900,131.9210662841797,7964600,200.9635772705078,3530700
152.09695434570312,92964300,67.73626708984375,47957900,157.6740264892578,10554400,119.99059295654295,15096600,136.66860961914062,9868400,201.9150390625,4364200
156.51011657714844,102300200,67.48186492919922,37812300,156.223876953125,9603300,125.35244750976562,20354900,136.2047576904297,6908900,201.56057739257807,4378700
157.52024841308594,75615400,69.28009796142578,34041900,158.26483154296875,7472100,126.93750762939452,17050500,136.63223266601562,6003800,206.80294799804688,3600400
160.8153839111328,123511700,69.00817108154297,41461500,156.5103302001953,13809500,126.8922119140625,23656500,136.55947875976562,15570300,206.06602478027344,4105100
162.1884002685547,95811400,72.10462951660156,33089300,157.39651489257812,7574900,126.484619140625,12676100,137.077880859375,6937500,208.6779022216797,2902200
165.56201171875,81532000,71.78882598876953,23132200,156.653564453125,8442100,129.1746368408203,13548600,138.13287353515625,7292100,207.74508666992188,2461500
166.9251708984375,98062700,72.92041015625,27716300,156.06272888183594,5254200,126.60238647460938,12093200,137.16885375976562,5531900,207.24136352539065,2001700
170.71066284179688,90131400,73.13969421386719,19871600,156.86839294433594,5012300,127.42658996582033,10017600,137.40528869628906,4203100,207.2786865234375,2110900
171.34814453125,80546200,74.73616790771484,22398300,158.3722381591797,4809500,128.54066467285156,8383500,138.9969024658203,5047700,208.35137939453125,1581100
172.21116638183594,90371900,72.63969421386719,21552400,159.1868438720703,5604200,127.58963775634766,10818100,139.9518585205078,4234000,206.94284057617188,3072500
175.5063018798828,100589400,72.25374603271484,27036300,159.10629272460938,5933400,127.8703842163086,11316500,141.38885498046875,5643400,206.1873016357422,3667800
174.33924865722656,92633200,73.49057006835938,22079000,160.7623291015625,6277600,127.29069519042967,8771000,140.4157257080078,5779300,208.09022521972656,2507400
171.24024963378906,103049300,72.44672393798828,27861500,158.64974975585938,11490400,123.46856689453124,17353900,138.96958923339844,7538600,207.84767150878903,3152100
170.94602966308594,78751300,72.9116439819336,18671100,159.50909423828125,6525600,122.55378723144533,15721300,141.05235290527344,5742600,205.0026397705078,2618300
174.99632263183594,76468400,72.94672393798828,20869400,157.9694366455078,6860600,123.09723663330078,17416400,140.1337432861328,5992000,205.9727325439453,2181300
171.6815643310547,73401800,72.56953430175781,21753100,158.98992919921875,7446100,121.6646957397461,12110300,140.6248779296875,7653000,201.5045928955078,3582100
168.513916015625,89058800,73.37654876708984,24768200,163.12557983398438,10330900,119.97667694091795,12914700,142.6348419189453,8884700,201.6818389892578,2783300
168.81790161132812,77594700,74.60460662841797,26122000,162.70486450195312,7385200,119.6116943359375,12994200,144.4811248779297,6889700,201.3927001953125,2253600
166.8074493408203,76575500,76.17475891113281,24866500,163.027099609375,7144500,121.80156707763672,13126900,145.60885620117188,6045400,202.4467620849609,2450200
162.5512237548828,72246700,73.55198669433594,21800100,160.9861602783203,5932000,121.35445404052734,10466400,145.05406188964844,6158400,201.5325927734375,2494700
164.42437744140625,79265200,75.0870590209961,22444200,161.0398406982422,5957500,120.02230072021484,12989900,144.6175079345703,7221500,202.13890075683597,2508200
167.1114959716797,70618900,76.1484375,19306800,161.72018432617188,5643100,116.15357208251952,30838000,145.0268096923828,5247700,203.60340881347656,1898900
162.10009765625,75329400,77.04318237304688,24566400,161.0398406982422,6188200,115.07688903808594,18835200,144.21734619140625,7806500,212.50238037109372,5337900
161.8843994140625,69023900,77.67473602294922,19032300,159.03469848632812,6318700,117.21198272705078,11834400,142.84402465820312,6034500,214.4705810546875,3644000
164.1693572998047,67723800,76.98176574707031,20382600,163.88648986816406,14380800,119.63905334472656,15015400,144.98130798339844,7897000,216.56008911132807,2689400
164.00267028808594,67929800,77.1572036743164,20689400,164.61154174804688,8044900,120.05882263183594,13430200,148.8375244140625,10196100,219.2838592529297,2907700
163.2082977294922,87227800,76.34143829345703,29010900,164.1371307373047,6969200,119.12811279296876,12174200,148.72140502929688,9365700,216.9425506591797,3571400
158.66766357421875,84882400,74.67477416992188,23591600,162.50790405273438,8003600,115.70646667480467,14318800,147.4775390625,9394600,202.73336791992188,5053700
159.7366485595703,96046400,72.15726470947266,37698300,166.50929260253906,11176500,115.6699676513672,17149000,148.66651916503906,6986800,203.1083068847656,4145500
153.77398681640625,95623200,72.18355560302734,28941500,165.31871032714844,10190000,112.2483139038086,17209500,146.14224243164062,7769500,197.10972595214844,4176700
153.54844665527344,88063200,74.24495697021484,32773000,163.0092010498047,11090100,110.78841400146484,17215200,145.74896240234375,6754900,200.5401611328125,3358300
160.4819793701172,130216800,76.49054718017578,33683800,164.22662353515625,9403900,112.54029846191406,13015600,149.45309448242188,9306800,199.11550903320312,6092800
154.60752868652344,131747600,74.78004455566406,34656500,161.5411376953125,8463100,108.9087905883789,14874800,146.83734130859375,10637000,197.33470153808597,3404000
154.9115447998047,123055300,75.7975845336914,36335200,159.91192626953125,7145400,109.90333557128906,18545000,144.85267639160156,10351600,198.76870727539065,2639500
156.40220642089844,88966500,77.35896301269531,33908100,159.59866333007812,5898700,112.2574462890625,15720900,142.8680419921875,10344000,200.2214813232422,2121100
162.8160400390625,108256500,80.43788146972656,46188400,161.30838012695312,5923000,115.97107696533205,17128500,143.91981506347656,7771000,208.6288604736328,3023700
153.74453735351562,130525300,79.21858978271484,41013400,158.22903442382812,7089200,113.06951904296876,15055400,141.26748657226562,8217100,202.3865966796875,3005600
154.4713134765625,116124600,80.42911529541016,29619300,157.8799285888672,6434000,112.88702392578124,14417900,142.67593383789062,7304800,201.18687438964844,2268400
149.34454345703125,131577900,74.0870590209961,45851600,158.73928833007812,7855200,111.1898956298828,14312300,142.31927490234375,8540800,193.3512115478516,2929900
151.7507781982422,115366700,74.57828521728516,34483200,158.5244140625,8186700,108.4799346923828,16382400,141.5692901611328,7447400,190.25819396972656,3040400
143.88385009765625,142689800,76.13089752197266,33020600,157.66506958007812,6138900,107.79561614990234,14630300,139.57546997070312,7692200,192.33897399902344,2552400
140.01419067382812,182602000,76.47651672363281,29491500,159.22264099121094,6898600,107.70436096191406,16318800,139.00845336914062,9600800,190.2957000732422,3282000
144.4829559326172,113990900,78.74510192871094,25798400,158.3096160888672,7732200,108.66242218017578,10443200,140.4992218017578,5675500,191.51419067382807,2323800
142.94100952148438,86643800,80.59719848632812,26101200,159.41065979003906,5516700,107.90512084960938,10269000,141.87112426757812,5971000,194.19479370117188,2540800
146.5749053955078,78336300,81.62516021728516,23120700,160.07305908203125,5751100,111.48188018798828,11160200,141.46868896484375,6509100,199.72471618652344,2275900
138.30531311035156,109742900,80.33135223388672,25451200,157.1011505126953,8608800,109.57485961914062,12664900,132.65203857421875,9670700,194.8977508544922,4723300
134.89723205566406,136095600,80.76557922363281,24387400,155.70465087890625,6874500,107.95073699951172,12765800,129.59730529785156,9694100,193.791748046875,2887700
135.1329345703125,137426100,81.40362548828125,28795000,158.42596435546875,7522100,107.06564331054688,13150100,129.67967224121094,7786900,185.4124755859375,5404500
140.5543670654297,117726300,83.20254516601562,27239300,161.66024780273438,7040800,113.6899642944336,24376700,132.6611785888672,7134500,191.34544372558597,3246600
137.85348510742188,104132700,83.65448760986328,24293300,163.4260711669922,6419800,115.2958755493164,19324900,135.02084350585938,7207400,192.7513885498047,2467800
138.0106201171875,92482700,85.33821868896484,29947800,161.82241821289062,6558900,116.09881591796876,12780400,132.80752563476562,8217800,196.1818084716797,3080200
141.21237182617188,90601500,85.63951110839844,24314800,161.6782684326172,6897600,118.10618591308594,15990900,133.9690704345703,5702600,199.6310272216797,2016000
146.96775817871094,90978500,86.48138427734375,25588800,163.1467742919922,5853600,119.77594757080078,11177800,136.0177459716797,6028800,203.52072143554688,2020400
146.18203735351562,103718400,85.07235717773438,44888100,161.74136352539062,16391400,120.65188598632812,17015000,135.24951171875,12416700,202.3115997314453,3773500
146.0543670654297,74286600,86.70291900634766,25815400,160.1016845703125,5175400,118.5350341796875,10768000,133.2008056640625,7036000,203.9237365722656,2314000
148.50973510742188,72348100,86.55226135253906,19089100,159.59713745117188,8666500,120.4420394897461,8374800,134.63671875,6479800,206.2013092041016,1784100
142.78382873535156,88570300,87.81063079833984,21038200,158.93951416015625,4234200,118.76312255859376,8596000,133.42942810058594,4720700,208.91946411132807,2222500
143.53025817871094,71598400,87.58907318115234,20682100,158.9214630126953,5386500,118.3708038330078,11323500,132.9081573486328,4751100,209.6036376953125,1565400
146.0543670654297,67808200,91.60343933105467,37810200,160.6692352294922,5447800,118.6810302734375,6722200,134.38978576660156,4918600,212.8560028076172,1799000
145.31777954101562,53950200,92.6845703125,31613200,159.7142791748047,4333100,116.79226684570312,8422100,132.71609497070312,4369600,215.38668823242188,4171300
140.09280395507812,69473000,90.68182373046876,26607000,156.49801635742188,5509600,114.33778381347656,13560100,130.3198699951172,4625700,209.64111328125,3045700
134.68118286132812,91437900,89.02468872070312,30950500,155.45294189453125,6647300,109.0821533203125,12945200,129.82598876953125,6630800,201.6836395263672,2604100
129.52491760253906,122207100,84.93943786621094,33421000,153.88536071777344,7997000,105.8338623046875,16805600,126.35052490234376,8549500,193.9042205810547,3559400
130.38922119140625,84784300,85.1609878540039,31264000,151.5249786376953,7116800,104.07286834716795,13357900,122.40865325927734,9980200,193.72613525390625,2359000
133.01150512695312,91533000,84.08871459960938,29620800,153.14662170410156,7796100,105.30465698242188,14083500,121.1922378540039,12178100,193.07937622070312,2343100
127.73744201660156,108123900,80.98711395263672,35696700,153.2277069091797,7056700,103.49803924560548,16724900,121.93307495117188,9683300,182.5725250244141,4789900
129.21063232421875,134520300,76.31700134277344,64610200,152.6691436767578,12486600,103.13304138183594,30919900,121.0550765991211,17113300,180.55734252929688,7226100
133.4436492919922,81000500,81.0668716430664,35951500,155.86737060546875,8219700,105.68787384033205,11680500,124.72257995605467,9017000,184.05340576171875,2755400
132.93295288085938,73409200,77.85893249511719,29727200,158.32688903808594,10593100,105.09478759765624,9842700,126.670654296875,8374500,176.04905700683594,4008700
135.80084228515625,72433800,75.51057434082031,35757200,161.85845947265625,10223500,103.94512176513672,11851500,130.1460723876953,6418300,167.46356201171875,6667900
139.1302947998047,89116800,77.00821685791016,26639000,164.2278594970703,9374400,107.04742431640624,14841100,132.02099609375,19440600,173.85585021972656,4868900
139.1302947998047,70207900,78.895751953125,25478700,164.07470703125,5908600,106.18971252441406,11280500,131.0149688720703,5618500,175.82411193847656,3061100
134.9856414794922,67083400,81.08460998535156,33096900,159.40792846679688,9245700,105.6787567138672,11590900,128.8839569091797,6077300,175.6835174560547,3327200
136.74366760253906,66242400,78.0893325805664,25400900,159.45301818847656,7097900,105.20429229736328,9338400,130.0546112060547,5174600,171.9718780517578,2436900
134.27847290039062,98964500,75.89161682128906,39948100,159.92149353027344,10777200,102.74981689453124,15172600,131.50880432128906,7410100,167.54795837402344,4197100
136.44898986816406,71051600,77.58421325683594,26327900,161.7323455810547,5498400,104.06375122070312,10573600,133.6306915283203,5937200,167.10743713378906,3423100
139.0320587158203,73353800,75.1561279296875,34591100,160.48907470703125,5676400,103.66793060302734,12514200,132.34107971191406,5760900,162.86154174804688,3724900
140.3677520751953,74064300,73.80027770996094,33375700,160.6332244873047,5335600,102.9959487915039,10656200,133.57577514648438,5485200,161.50253295898438,3190600
143.7364959716797,66253700,76.1574935913086,23817400,160.8134002685547,5725800,105.60098266601562,10347400,133.53005981445312,6623400,168.97259521484375,4677600
144.41421508789062,64547800,76.28153991699219,17673800,160.6151885986328,3828300,105.26959228515624,8807800,132.6337432861328,4294200,167.86663818359375,2491100
142.28294372558594,63141600,75.89161682128906,15603800,160.67828369140625,3645200,103.88883972167967,7939500,133.56661987304688,5482900,164.04254150390625,2773300
143.25527954101562,77588800,74.88140106201172,21013000,158.4259796142578,4708800,103.99008178710938,11250900,132.38682556152344,5204400,163.54576110839844,2718400
142.89186096191406,71185600,75.18270111083984,19928600,158.05661010742188,5291700,103.01437377929688,12979900,133.2556915283203,5075600,162.96463012695312,2389000
145.81866455078125,78140700,73.67620086669922,26343000,158.27279663085938,5359600,99.41515350341795,26204800,132.86241149902344,4867000,159.28115844726562,2531200
147.48828125,76259900,74.91685485839844,17243700,160.5701141357422,5691100,103.9716796875,18863900,132.6794891357422,6264600,162.50538635253906,2282100
144.44363403320312,81420900,76.29927825927734,19395800,156.9664764404297,7605700,102.90390014648438,13977900,131.06982421875,6047500,162.60848999023438,2476400
148.30345153808594,82982400,78.2222671508789,18248900,154.67819213867188,13256400,105.4537124633789,11862300,131.7374725341797,5943600,169.4038848876953,2671400
150.30703735351562,64823400,79.08184814453125,16584400,153.79527282714844,7455800,105.435302734375,11667500,129.46014404296875,8635300,169.85691833496094,2175900
152.5758056640625,65086600,77.76145935058594,21375700,154.3358154296875,5729200,106.1532974243164,11595900,129.58255004882812,8310200,170.81961059570312,2214500
151.3382568359375,66675400,77.167724609375,15479500,155.0655517578125,4257000,105.63780975341795,7645500,131.65377807617188,5292700,168.58279418945312,1961500
150.2186737060547,53623900,79.73762512207031,17536400,155.3718719482422,4437300,106.06124114990234,9394000,132.5466766357422,5262100,171.59352111816406,1845600
148.8927764892578,55138700,79.42745971679688,15141200,156.47097778320312,4525500,104.40431213378906,10675100,132.8043975830078,5375700,171.04612731933594,1767700
153.9900665283203,78620700,81.14663696289062,18047000,156.03854370117188,4648500,106.07965087890624,9337400,134.06553649902344,5500000,174.84022521972656,1856500
154.5400848388672,81378700,82.09483337402344,20353100,156.93948364257812,5513000,105.68383026123048,10384800,136.29318237304688,7115700,177.28466796875,2229200
159.60792541503906,101786900,85.89651489257812,29825800,157.22775268554688,6451400,106.19012451171876,12944500,127.8703842163086,18694700,187.10971069335935,5188100
158.62579345703125,67829400,83.72537231445312,20793200,156.6781768798828,5461400,105.13152313232422,14740400,131.5432891845703,12590000,183.9102478027344,3185100
157.15255737304688,59907000,83.362060546875,16722500,155.7863006591797,5794200,103.49302673339844,14942900,130.66880798339844,7495000,173.197998046875,8193100
163.16329956054688,82507500,80.65921783447266,23580800,157.29080200195312,5010000,104.5792236328125,14394500,133.36593627929688,6811000,172.59397888183594,4155900
162.8489990234375,55474100,77.26522064208984,31821500,154.7682647705078,5651600,103.4285888671875,18033900,133.15420532226562,6124700,173.3206787109375,2478900
162.62278747558594,56697000,78.38177490234375,17408000,154.15562438964844,5235500,106.55831909179688,14174600,133.2186279296875,4580300,174.97235107421875,1908500
162.15072631835938,60276900,78.82486724853516,14458500,153.33578491210938,4629800,105.26038360595705,10332500,133.7249298095703,4486800,175.36874389648438,2655000
162.19989013671875,63135500,80.27816009521484,19083400,153.31776428222656,5532500,106.20852661132812,10233800,133.41195678710938,3977300,175.576416015625,2460000
166.4486541748047,70170500,81.04027557373047,18302000,153.75921630859375,5603400,108.9792709350586,12847300,134.67306518554688,4641300,180.00283813476562,2304300
165.71102905273438,57149200,83.38460540771484,18797900,150.57899475097656,9328700,110.59016418457033,11684900,133.7157440185547,5954300,183.09852600097656,2538900
169.261474609375,68039400,84.10939025878906,15058200,148.92127990722656,14606900,112.42196655273438,9906700,135.01368713378906,5038700,185.7789306640625,1864800
170.33348083496094,54091700,82.60615539550781,20755200,149.63302612304688,10072000,112.7257308959961,8456200,136.7534637451172,6008000,184.93896484375,1752400
170.17613220214844,56377100,81.8366470336914,14038200,150.96641540527344,7453600,113.80274963378906,9555000,138.01458740234375,7093000,186.42074584960935,1959300
171.67105102539062,79542000,82.49879455566406,13678000,150.97540283203125,7406600,112.84540557861328,8149300,137.37942504882812,4834600,184.92007446289065,1576200
171.2776336669922,62290100,84.44940185546875,17770400,150.2456817626953,8312100,111.97091674804688,9531800,137.86729431152344,3829000,186.2602996826172,1750900
168.6909942626953,70346300,84.18096923828125,16128600,152.5339813232422,8128500,109.20018768310548,13464500,137.8304901123047,6502500,184.60862731933597,2003600
164.80616760253906,69026800,84.11833953857422,16019900,151.9988555908203,5462600,107.3959732055664,8967600,137.46229553222656,6380700,180.98439025878903,2008900
164.4717559814453,54147100,87.68850708007812,23764700,150.67471313476562,5566300,106.33740234375,7607000,134.8111572265625,5268200,186.12815856933597,2444900
164.76681518554688,53841500,88.2074966430664,17050300,150.1759033203125,5684300,106.59513854980467,9771300,134.2312469482422,5903200,183.24954223632807,2503200
167.22561645507812,51218200,88.663818359375,15305700,151.58168029785156,5678700,109.12655639648438,10758900,134.12074279785156,5097600,187.7042999267578,1888700
160.92135620117188,78961000,87.57218933105469,15531400,148.98776245117188,5667100,105.55496978759766,11276200,130.9817657470703,6086600,181.13540649414065,2560400
158.71827697753906,73314000,89.58544158935547,23059200,147.8358917236328,5259200,105.29722595214844,8117300,130.429443359375,5272100,181.0032958984375,1996600
156.28903198242188,77906200,86.17633056640625,17086800,147.31890869140625,6973300,105.3156280517578,10745400,129.0394287109375,5203700,176.43527221679688,2691200
154.6268768310547,87991100,85.53208923339844,18340900,146.33035278320312,8741700,104.68968963623048,10738300,126.97748565673828,8406900,174.33056640625,2656600
155.3546600341797,74229900,83.99308013916016,16423000,149.95819091796875,7509600,105.40768432617188,9979800,128.54234313964844,7446500,172.18812561035156,2686200
153.24014282226562,76957800,85.53208923339844,18206800,147.60008239746094,5803700,104.67127227783205,10666600,126.25945281982422,7077800,170.66860961914062,2185400
151.98126220703125,73714800,84.95942687988281,19201500,147.9991455078125,7394600,104.69889831542967,9751900,124.85104370117188,8217200,170.50816345214844,2141700
153.3876953125,87449600,84.23466491699219,16274700,148.8063507080078,4590600,106.68719482421876,10647900,126.73812866210938,6609400,170.69692993164062,2166900
151.91241455078125,84923800,84.92363739013672,18759200,150.0035400390625,5838400,109.17256927490234,11435000,126.90384674072266,7380500,172.8582305908203,2245700
154.77439880371094,68028800,86.34635162353516,17158000,150.2937774658203,5500600,109.697265625,9299700,128.8369598388672,6434300,178.8419647216797,2279600
160.7344512939453,104956000,87.33954620361328,16118900,150.23028564453125,6365300,110.99518585205078,8614600,129.8863525390625,5818700,181.5884246826172,1937200
151.30264282226562,122656600,85.29944610595703,18229100,146.32125854492188,6726400,107.13824462890624,12904600,127.19840240478516,6350200,173.95306396484375,2207500
152.74839782714844,87965400,87.39322662353516,22655700,149.34144592285156,9555700,106.88970947265624,9345700,127.50218200683594,6137800,174.27392578125,2295000
149.85690307617188,90481100,84.85205078125,21092300,149.72238159179688,7174500,108.5005874633789,10821400,126.51721954345705,5320700,172.23533630371094,1933100
148.21444702148438,162278800,83.40251159667969,37874700,152.00794982910156,20201500,107.77338409423828,14844100,127.29045104980467,9321500,169.38504028320312,5088300
151.93206787109375,81474200,83.39356994628906,15342100,150.8107452392578,7380900,108.76753997802734,8201300,127.02350616455078,6056000,171.87667846679688,2923700
154.3121795654297,107689800,82.71353912353516,14712500,149.62261962890625,7143400,106.62274932861328,9619000,126.57242584228516,5589800,167.98817443847656,2512400
151.18463134765625,101696800,81.38030242919922,17332400,148.08982849121094,8071200,103.5482406616211,12606300,124.943115234375,6413900,162.28761291503906,4061900
150.22080993652344,86652500,81.04029083251953,16139400,150.72003173828125,7401100,102.37001037597656,11684500,125.38497924804688,5061600,160.9662628173828,2508400
147.9488983154297,96029900,76.72745513916016,27738800,151.20980834960938,9598600,100.46454620361328,18138600,124.8050308227539,6523600,155.01084899902344,4047200
148.2832794189453,93339400,75.14368438720703,22043400,150.28469848632812,8735500,98.30134582519533,15753600,124.92473602294922,7396400,153.4818878173828,3213400
149.25694274902344,84442700,76.71849060058594,17307300,149.5954132080078,8686700,97.43605041503906,12793600,121.49112701416016,7722200,153.31201171875,2753500
147.3686065673828,146691400,79.51020812988281,19543300,150.88330078125,8660900,99.40595245361328,12762600,121.49112701416016,10455100,158.33303833007812,3694800
140.12997436523438,128138200,79.34916687011719,17896000,149.2235565185547,7008100,97.7214126586914,12713900,118.4718017578125,7128500,156.57754516601562,3518100
135.9206085205078,124925300,78.12330627441406,21357600,148.16236877441406,8985200,96.19337463378906,15973400,116.21651458740234,9431900,154.85984802246094,2963000
140.10049438476562,114311700,82.24824523925781,23881300,148.01727294921875,8657000,99.16661834716795,12248100,118.29691314697266,8477700,161.60804748535156,3444700
143.69029235839844,87830100,85.24574279785156,22133700,150.212158203125,6236100,103.80599212646484,16013600,119.76055908203124,7211600,169.53602600097656,4008200
143.9853515625,79471000,88.69066619873047,34857700,149.74961853027344,4539400,102.52432250976562,10943500,118.93205261230467,5071100,168.35629272460938,3067400
143.03134155273438,68402200,91.3213119506836,29124700,146.8472900390625,5890700,100.43463897705078,11521400,116.4282455444336,5530800,168.7620849609375,2415000
137.7794189453125,85925600,90.39969635009766,24507600,145.29638671875,6363500,98.42855834960938,11681100,114.39385223388672,6095400,167.57290649414062,2759200
138.10398864746094,74899000,88.44011688232422,16786100,145.4868621826172,5315600,97.50909423828124,8931700,113.92440032958984,6923300,168.62994384765625,2633900
136.6876678466797,77033700,87.68850708007812,17804100,147.5910186767578,6212200,94.69499206542967,12739700,114.35706329345705,5516200,169.64927673339844,2542400
136.0582733154297,70433700,88.07327270507812,12635800,147.55471801757812,4341700,96.22743225097656,13181000,114.54115295410156,6823500,169.41329956054688,2260800
140.63157653808594,113224000,91.15131378173828,22019100,149.78587341308594,6465100,101.5770034790039,22398700,116.27174377441406,6910500,172.8488006591797,3745900
136.0976104736328,88598000,88.75330352783203,15222000,149.16009521484375,5684600,103.26731872558594,33387100,115.13949584960938,5516800,168.17697143554688,2830200
140.0611572265625,85250900,90.03282928466797,14283200,151.09190368652344,6710800,107.60456848144533,22276300,117.21987915039062,6664600,170.64027404785156,2940000
141.37905883789062,99136600,90.19390106201172,14065400,150.56585693359375,10883600,110.37223052978516,21539700,118.16802215576172,7114200,173.23577880859375,2674000
141.4872283935547,61758300,92.8692855834961,20921700,149.36868286132812,10044600,108.208251953125,17072000,119.26346588134766,9993700,174.04742431640625,2088700
141.0249786376953,64522000,92.99456787109376,17649000,149.74961853027344,5659900,107.85531616210938,12207400,117.72731018066406,8168000,170.39492797851562,2953900
144.8409881591797,86548600,94.72148895263672,22814100,153.01467895507812,8487600,113.52067565917967,20593300,119.20135498046876,6394600,180.73220825195312,3483800
146.98504638671875,75981900,95.38361358642578,17024200,155.07351684570312,6855500,113.65998840332033,12624200,119.93372344970705,6946000,181.75836181640625,2919500
149.82737731933594,74732300,94.7394027709961,15719800,154.82862854003906,5661900,113.95718383789062,11289100,121.31504821777344,6776000,185.1217803955078,2545000
146.8866729736328,88194300,95.8667984008789,17383800,156.18910217285156,6123800,115.26673889160156,11667000,122.16793060302734,6612800,187.1360626220703,3546000
142.4117431640625,109180200,96.2336654663086,18214000,156.27976989746094,5390900,115.72180938720705,10727600,122.2606430053711,6676700,201.5589141845703,7872200
153.17129516601562,164762400,99.05223083496094,28169400,158.60162353515625,6073900,117.09635925292967,11859500,125.35702514648438,6996400,208.39976501464844,5161000
150.8109130859375,97943200,99.15065002441406,26401800,157.7853546142578,7810000,116.91060638427734,13295200,124.8471450805664,8346300,205.6634521484375,3786100
148.1652374267578,80379300,100.13491821289062,22213100,156.98721313476562,6985000,119.0188446044922,13386900,125.04183959960938,6428300,207.60166931152344,2717500
142.637939453125,93604600,98.076904296875,20654200,154.57464599609375,6877300,117.92294311523438,16546100,123.24334716796876,7318100,203.83920288085935,3150000
136.58938598632812,97918500,99.41014099121094,17103700,154.8376922607422,4819900,118.13655853271484,12474400,122.39972686767578,5204000,208.32379150390625,3570400
136.3234100341797,140814800,100.49282836914062,17541500,155.52699279785156,5300900,121.36859130859376,14953200,124.6339340209961,5555400,216.4853363037109,4973800
136.8553466796875,83374600,101.68287658691406,16008000,156.88743591308594,6621000,122.0093994140625,12011200,126.54363250732422,6746800,217.20741271972656,3405600
137.42672729492188,89908500,102.00499725341795,14661000,157.6674346923828,5148400,122.0837173461914,9884100,126.83106994628906,5266200,218.34754943847656,3676600
132.8655548095703,74917800,97.44161987304688,19522800,156.40675354003906,6150000,120.4955825805664,9494000,126.52510833740234,5690700,214.29052734375,6248300
144.6872100830078,118854000,98.87325286865234,20146700,158.23883056640625,7877500,125.45506286621094,16351600,130.88230895996094,8068700,220.8558807373047,4590800
147.4751434326172,93979700,101.9602508544922,20518900,153.5044403076172,11074700,125.659423828125,10704700,130.68763732910156,7175200,224.69439697265625,3585400
146.0762481689453,73374100,102.25791931152344,20858300,155.9169921875,6581500,124.3684539794922,11085600,130.69686889648438,8516200,224.7039031982422,3217700
147.81007385253906,89868300,102.94341278076172,19373800,156.3523406982422,9351000,123.4675750732422,14038300,130.24264526367188,7732400,222.8891448974609,3371000
146.57864379882812,64218300,101.8429946899414,13591000,157.32276916503906,5500900,123.63470458984376,7893400,131.40145874023438,6193700,220.82736206054688,3062000
148.47999572753906,80389400,101.97830200195312,12425900,158.592529296875,4464100,123.09605407714844,8820200,130.5949249267578,5186300,218.94615173339844,3256900
149.04151916503906,74829600,101.09435272216795,15415000,159.807861328125,6555700,124.30340576171876,9468500,132.17092895507812,5671400,219.88677978515625,2868700
145.8102264404297,58724100,100.09315490722656,20973000,160.62940979003906,5706600,123.56973266601562,7800500,133.84889221191406,6377200,220.58985900878903,2522600
147.94802856445312,51804100,102.98854064941406,17719100,161.4053497314453,4707900,125.41791534423828,9185700,134.9984130859375,5372900,225.42596435546875,2523300
148.82481384277344,58301400,102.47439575195312,11546700,161.57876586914062,5389200,126.75533294677734,7316200,135.76791381835938,4296000,225.10289001464844,2311300
145.90879821777344,35195900,102.11359405517578,7136000,161.78871154785156,3058600,126.99679565429688,3220500,136.01820373535156,2411100,223.9438018798828,1034800
142.0765838623047,69246000,99.04684448242188,23015500,161.870849609375,6183100,124.777099609375,9906900,135.90696716308594,6628200,220.7133636474609,2862100
139.07192993164062,83763800,99.70531463623048,14453200,160.73895263671875,6700500,126.8296127319336,7925300,134.86866760253906,5634200,223.3927001953125,2277900
145.82998657226562,111380900,100.4268798828125,23158100,162.48245239257812,13288000,128.3341827392578,14761200,138.28024291992188,12396800,224.6183624267578,3850000
146.10581970214844,71250400,99.9398193359375,14398300,163.157958984375,6282600,126.5324478149414,8858500,138.36367797851562,6927400,223.9342803955078,2504700
145.6132354736328,65447400,99.09194946289062,15248400,163.2857208251953,5823900,125.52936553955078,8931900,139.62448120117188,4938300,224.3523406982422,2218300
144.45079040527344,68826400,96.37696838378906,19287700,163.19444274902344,5120600,122.0093994140625,10154500,138.21531677246094,5402500,220.96990966796875,2064500
140.7860565185547,64727200,93.69808959960938,21197000,160.7480926513672,7943500,122.2137451171875,13966700,138.3915252685547,6866700,216.9033966064453,3633800
138.84535217285156,69721100,93.49063873291016,20061700,161.72479248046875,5702600,122.13016510009766,11739400,139.28146362304688,6175500,217.5589599609375,3044000
140.52993774414062,62128300,94.18515014648438,21128800,161.752197265625,4798500,123.41183471679688,8907300,140.28271484375,5187100,219.4021759033203,2189400
140.0472412109375,76097000,93.39141845703124,21298200,160.4194793701172,4561000,122.7431182861328,7957800,139.911865234375,5868200,215.95327758789065,2257000
142.34259033203125,70462700,95.69145965576172,20413200,162.33639526367188,4882400,124.64707946777344,8841600,141.3488006591797,6142400,221.4354553222656,2709200
143.30799865722656,93886200,96.73778533935548,24305300,163.5869903564453,9177500,124.52631378173828,10025400,141.1355743408203,7680600,223.7442779541016,2945200
141.0816192626953,82291200,96.02520751953124,17597300,164.08901977539062,9533600,123.90408325195312,9966100,141.6918182373047,7385600,222.78460693359372,3513800
134.47132873535156,98931900,95.10518646240234,15365100,162.01690673828125,7602400,120.82991790771484,12087800,140.08802795410156,7117200,219.1551818847656,2953200
132.5109100341797,160156900,94.43771362304688,54596600,160.3555450439453,18841800,120.07762908935548,21133700,139.46688842773438,19966400,221.1124267578125,7610700
130.40272521972656,79592600,94.86165618896484,13611100,160.18212890625,5736000,120.79276275634766,9017200,139.42977905273438,5881800,220.703857421875,2622400
130.33377075195312,77432800,96.232666015625,14680000,160.3555450439453,6174700,121.37789916992188,8549900,139.4854278564453,5646100,223.4117126464844,2649900
133.4369354248047,85928000,97.46836853027344,13565400,162.19033813476562,5472000,122.7431182861328,8051700,140.76473999023438,5024700,229.67303466796875,4143600
130.2648162841797,77852100,95.50205993652344,13213000,161.59703063964844,5709100,121.35002899169922,8648200,141.08921813964844,5904900,225.69200134277344,3129900
129.90028381347656,63814900,98.02761840820312,11539400,162.0077667236328,3683400,121.92584228515624,5091900,141.48785400390625,3401800,227.90579223632807,1959900
128.09751892089844,69007800,99.38961029052734,11962100,161.96214294433594,3067300,122.35308074951172,5411000,142.72084045410156,4215100,231.0126953125,3381500
124.16678619384766,85438400,97.75701141357422,10702100,161.25929260253906,2645400,123.0217742919922,8827700,140.8760223388672,4197500,227.44024658203125,2270000
127.6837387084961,75703700,98.49663543701172,10534000,162.08079528808594,2828800,123.72760772705078,6585200,141.4600372314453,3809100,228.2193298339844,1652500
127.99899291992188,77034200,99.48883819580078,11799600,161.2501220703125,4216600,124.5448989868164,9292500,140.50518798828125,4532000,227.61122131347656,1521100
123.21118927001952,112117500,96.07032012939452,15146200,162.6558837890625,6344900,125.49221801757812,11054800,140.51446533203125,6447300,226.96517944335935,2651900
124.48204803466795,89113600,96.34991455078124,18058400,164.4267578125,9788800,126.66246795654295,11687600,141.12631225585938,7313400,229.3214874267578,2387900
123.16194152832033,80962700,98.50565338134766,15946600,163.2127227783203,6255300,126.63439178466795,8381300,139.3741912841797,5373800,228.29534912109372,2355900
127.69358825683594,87754700,99.69628143310548,16348100,164.53631591796875,5706000,129.0576171875,10029100,142.6930389404297,7882200,236.4473876953125,3945100
128.21568298339844,70790800,97.83819580078124,17964600,160.27342224121094,7925300,128.5242919921875,8482300,140.95016479492188,5727000,234.319091796875,3417100
128.78709411621094,63896200,99.2994155883789,15104600,159.8900146484375,5047500,129.6751251220703,9048700,140.81109619140625,4716400,238.0150909423828,3011900
131.50607299804688,69458900,100.45396423339844,16710400,159.6344757080078,6494800,130.6387481689453,8703700,139.67083740234375,8691300,238.22412109375,2402400
131.42724609375,71379600,102.12261199951172,15357300,158.83116149902344,4269400,130.50779724121094,11001700,138.8828125,7801600,242.3476409912109,3881500
132.75717163085938,57809700,102.05947875976562,12011400,158.31085205078125,6088000,133.8011016845703,20200000,139.87477111816406,5535800,245.5685577392578,3067800
133.91964721679688,63646600,101.86104583740234,16542200,157.33412170410156,6053300,131.73342895507812,14292900,139.46688842773438,9611800,243.47830200195312,4100100
133.2005157470703,69672800,99.76844787597656,16399700,154.96080017089844,7047800,127.77579498291016,13392600,135.73085021972656,10461200,240.2098693847656,3361400
133.25962829589844,58280400,100.40884399414062,12928000,154.75082397460938,6939500,126.072998046875,13303400,132.8603515625,12683700,234.60606384277344,4885200
135.82095336914062,80223600,102.23988342285156,16515600,154.02969360351562,8620600,126.38175201416016,13092500,133.37344360351562,8603300,238.386474609375,2964100
139.0128173828125,81760300,101.70769500732422,16584400,153.63717651367188,8425400,128.43072509765625,10487100,131.58233642578125,7473100,241.24090576171875,2610200
140.4116973876953,66435100,102.65478515625,13583000,153.63717651367188,10541800,129.5347442626953,6945000,132.3006591796875,6822500,245.92825317382807,3505100
139.75167846679688,65799300,102.11359405517578,11914700,154.73255920410156,7099800,130.16162109375,8967000,132.20736694335938,6902600,246.72059631347656,2424900
141.82046508789062,54105100,106.21764373779295,21019700,154.16661071777344,6946100,130.96624755859375,7487600,131.6756134033203,5398600,250.23370361328125,2677200
143.76116943359375,70555800,104.2783660888672,15179200,153.56414794921875,6058100,131.28433227539062,7489900,131.13455200195312,6870800,252.5440216064453,2783000
140.87474060058594,64015300,102.42929077148438,18672100,147.87728881835938,23259100,130.1709747314453,6729300,131.5449981689453,6369300,249.64183044433597,3426900
142.14556884765625,65874500,104.63916778564452,27861800,149.17349243164062,11612500,130.947509765625,9188700,132.8230743408203,9373400,240.8494873046875,10992100
143.26861572265625,77663600,103.4936294555664,19464900,150.542724609375,9865300,130.601318359375,8841800,133.57867431640625,7207900,238.22418212890625,6022000
148.57852172851562,118339000,100.25552368164062,24562100,151.10867309570312,10099000,129.99322509765625,11822100,132.6271514892578,6444300,233.7945709228516,6130300
152.20382690429688,154357300,100.95003509521484,20226600,150.2597198486328,6868500,132.0047607421875,11501200,133.03759765625,5993100,236.5248870849609,4134700
149.4749755859375,69858300,100.77867126464844,13855200,149.1186981201172,7021000,132.78131103515625,8406200,131.90882873535156,6108100,240.0189514160156,3528800
152.35159301757812,83322600,103.6559829711914,16013300,149.15521240234375,7310800,134.39991760253906,10447900,130.6214599609375,6278300,238.3387756347656,3467900
149.6621551513672,64120100,102.7540054321289,18459700,149.34693908691406,6054700,133.45497131347656,6958000,129.26878356933594,7123800,237.5845489501953,2300300
148.62774658203125,56007100,103.14186096191406,17439300,147.32957458496094,7949500,131.37789916992188,6443100,127.8508071899414,6547400,235.11203002929688,2464900
148.99281311035156,57450700,107.48942565917967,24918600,148.0142059326172,7028000,131.95794677734375,6582900,128.97959899902344,8108900,236.43899536132807,2820300
151.79490661621094,62199000,107.07130432128906,14536200,148.56190490722656,6414700,133.3894805908203,7134600,130.66810607910156,5081600,236.897216796875,3068100
151.153564453125,61707600,105.8169937133789,12079000,147.91378784179688,6316000,133.9788818359375,9249400,129.93112182617188,5253500,233.2790679931641,2512900
153.255126953125,65573800,105.49888610839844,13663400,145.47654724121094,12621800,134.54025268554688,6728300,129.6326141357422,5530300,237.4222717285156,2398200
151.65675354003906,68167900,105.18984985351562,11360600,144.44509887695312,11177000,132.68775939941406,8165300,127.93476104736328,7595700,235.3411407470703,1934900
150.51223754882812,59144100,101.14512634277344,20758300,147.460693359375,12401900,133.08070373535156,7948800,130.6121368408203,8034700,236.55352783203125,3759300
146.49659729003906,58867200,101.04515075683594,14469400,145.2633056640625,9423900,130.6387481689453,9996300,130.5188446044922,6899500,229.79458618164065,3105900
146.92088317871094,51011300,99.7363052368164,13973800,145.06105041503906,9820200,129.63763427734375,11107500,131.06924438476562,6126300,227.10247802734372,3145200
147.404296875,48394200,100.65431213378906,11289400,145.0150909423828,9385100,130.67620849609375,8068000,130.64944458007812,5835400,227.1597442626953,3219000
144.7502899169922,55469600,100.66338348388672,14351000,143.39697265625,8689700,131.85504150390625,9126900,129.91246032714844,5260700,225.46046447753903,2105500
145.94407653808594,44998500,100.48161315917967,11710500,143.08436584472656,7267100,133.00584411621094,10014700,129.800537109375,5820900,229.09767150878903,1720900
145.44091796875,50547000,99.89990234375,18107000,140.9054412841797,9062300,134.1192626953125,11019800,128.3265838623047,6709900,228.6872100830078,2647700
143.3689727783203,55479000,100.79064178466795,13200000,140.2710418701172,6767000,133.3707275390625,7139200,128.41986083984375,7101800,237.39366149902344,4117700
143.96095275878906,52238100,101.2541961669922,10339900,140.16073608398438,8762500,131.98605346679688,11106800,130.5374755859375,5924600,240.74449157714844,2676500
149.01258850097656,70732300,102.5357894897461,13006700,141.6041717529297,5747200,134.40927124023438,9513100,131.48902893066406,5259400,243.73252868652344,2314700
151.77516174316406,87558000,103.44470977783205,14347400,143.02001953125,8148200,133.62335205078125,9261300,130.92930603027344,4943100,242.46286010742188,2317100
149.57496643066406,56182000,101.44507598876952,11525300,141.66851806640625,7457700,129.69381713867188,11747600,128.3265838623047,5606800,234.97837829589844,3018400
150.82794189453125,47204800,99.96353149414062,13509800,140.62960815429688,6230500,128.9265899658203,10002500,128.34524536132812,5518800,237.44137573242188,2068600
148.57843017578125,53833600,99.1909408569336,12961200,139.04824829101562,7439400,121.9469757080078,25888100,127.40306091308594,4467200,230.0332489013672,2518800
146.51632690429688,68572400,97.96388244628906,15795700,139.388427734375,8504300,125.04383850097656,37599700,127.9814224243164,5928000,216.71585083007807,5767500
148.46005249023438,84457100,96.83682250976562,20745600,140.7215576171875,10799600,122.79837799072266,42901100,128.8676300048828,8337100,214.51058959960935,4885100
150.55172729492188,73695900,97.2003936767578,18263500,141.51220703125,8421200,125.95138549804688,29648100,130.46287536621094,9219700,215.43658447265625,3754900
150.94638061523438,77167900,92.36492156982422,25733800,141.90757751464844,7757700,120.00090789794922,34280600,132.3099822998047,8823500,207.4079742431641,5471700
153.76817321777344,76161100,91.8286590576172,27465200,141.6133575439453,7605500,122.33059692382812,24558500,133.298828125,7063400,208.792236328125,3555000
152.92953491210938,98944600,90.7470245361328,43199500,140.09634399414062,20540700,117.70870208740234,38396000,133.3361358642578,16018800,205.25999450683597,7203000
155.29745483398438,73641400,93.11932373046876,32042100,141.48463439941406,7129000,118.9530258178711,22875500,135.38848876953125,8379200,210.3196563720703,3464200
157.15234375,73938300,97.29129028320312,31592300,141.48463439941406,8376800,122.14347076416016,17807800,134.40892028808594,7753200,214.7206115722656,3074600
155.7217254638672,75701800,95.0644302368164,14952700,138.8735809326172,7943500,118.990478515625,17250200,134.3249969482422,5729100,209.9760284423828,2930200
156.80702209472656,67622100,93.9918975830078,14385900,138.94712829589844,9051500,118.67235565185548,16677600,134.13839721679688,5788400,209.4891357421875,2957400
158.10939025878906,59196500,94.10095977783205,13401600,140.3446044921875,5696200,116.8666534423828,22311100,136.87171936035156,6144800,207.16929626464844,2976800
156.16574096679688,52390300,96.16422271728516,14805900,140.9422149658203,6772300,120.21613311767578,18853900,136.15342712402344,5917200,208.11441040039065,3209500
155.5441436767578,45992200,97.36399841308594,11047600,139.5814971923828,6115300,120.58100128173828,10820500,136.53590393066406,4213800,210.17648315429688,1802000
158.62246704101562,51305700,99.03641510009766,14219100,140.95140075683594,6012000,120.82427215576172,14595300,136.95567321777344,4987700,212.8876953125,1857300
160.19122314453125,49501700,99.5181655883789,11578200,141.06170654296875,4555700,120.4593734741211,12134700,137.55271911621094,4117700,214.35784912109372,1921100
162.697265625,68749800,99.67266845703124,14418000,142.5051727294922,9890000,121.91890716552734,13105200,138.7095184326172,7685900,218.46286010742188,2746700
163.95030212402344,56976200,105.55339813232422,28087700,144.2060089111328,6841900,121.77857208251952,11775400,139.47447204589844,5721700,219.44615173339844,2242500
163.41754150390625,46278300,104.54450988769533,16365500,145.7138214111328,8314500,120.15061950683594,11579900,140.14610290527344,6714300,207.58935546875,4282100
161.57252502441406,51511700,106.3350830078125,16479500,152.25985717773438,16704200,120.32976531982422,9614700,141.1069793701172,6094800,203.84710693359372,4265300
162.4604949951172,45390100,104.57178497314452,15778000,151.8369598388672,9615400,120.19776153564452,8760200,142.0025634765625,5399700,199.6848297119141,4180100
159.86563110351562,47716900,104.10822296142578,13006600,151.0738983154297,5354000,120.59381866455078,9477300,140.82713317871094,4891800,205.7564392089844,3839000
158.65203857421875,47644200,104.84445190429688,11758500,151.0278778076172,5903800,121.1878662109375,10516300,140.54727172851562,6311800,210.59654235839844,3882000
157.9613800048828,50133100,104.7353744506836,10919000,150.70611572265625,5764100,121.16899871826172,11821000,140.92977905273438,6137900,210.50103759765625,2385100
163.34848022460938,68445600,105.22620391845705,12399700,152.7195587158203,5640600,121.63105010986328,12450200,141.58277893066406,5489500,211.61798095703125,2909100
163.00314331054688,49386500,105.48069763183594,11530800,152.4713134765625,7225100,130.8153839111328,43931300,140.86444091796875,4478800,213.53684997558597,2246900
163.0228729248047,41516200,104.25364685058594,13260400,152.3150177001953,8046400,131.85263061523438,16050500,140.91110229492188,4296400,215.026123046875,1751800
164.24632263183594,49923000,106.28965759277344,17436100,148.0306854248047,14571500,133.3330535888672,13760100,141.06036376953125,4158400,214.9879150390625,2567100
165.3908233642578,47720200,105.9533462524414,10682600,149.42816162109375,6752000,133.163330078125,9158100,141.0883331298828,3837600,214.46286010742188,2078400
164.42388916015625,52456400,105.10803985595705,17038700,150.3935089111328,9498800,132.77670288085938,10586200,141.60557556152344,5370900,212.19078063964844,2826800
162.81568908691406,58337300,105.44434356689452,14315300,149.57525634765625,7014200,132.5220947265625,11842500,146.5056915283203,14876900,211.4229278564453,2712500
163.12155151367188,41949600,107.43488311767578,15831300,150.48545837402344,5278900,132.70127868652344,7567500,146.76852416992188,8109800,214.4560089111328,2790700
161.58238220214844,48714100,105.90788269042967,12179800,151.86451721191406,6263100,129.81585693359375,10629300,146.8060760498047,8341800,209.8488311767578,2505600
161.57252502441406,45498800,104.93534088134766,15566100,149.51092529296875,5518200,127.51504516601562,14416100,145.1070098876953,4843700,207.5067901611328,3254700
166.160400390625,64902300,106.18966674804688,16279200,149.86024475097656,5739700,129.2312469482422,9041100,146.88116455078125,4805600,205.7214813232422,7711100
167.4134063720703,55275900,107.5621337890625,24381900,150.50384521484375,6024900,130.35333251953125,9887300,146.79669189453125,5754700,210.0119781494141,4669500
167.3246307373047,52472900,104.22637176513672,17355000,150.4119110107422,4893400,133.1444549560547,20415800,146.9750518798828,3844600,208.54342651367188,2876400
166.28866577148438,48425700,100.07260131835938,24324100,151.7266082763672,7541700,130.99453735351562,14113400,146.8436279296875,5262900,206.508544921875,2858000
165.21322631835938,65136000,98.10023498535156,16212300,149.74075317382812,5937200,128.22225952148438,12930900,146.65585327148438,5775000,206.9788818359375,2635100
163.5753936767578,81235400,96.38235473632812,17177200,149.06040954589844,5128000,126.4683609008789,17089200,145.97996520996094,4892600,201.9301605224609,3211000
171.25148010253906,113453200,98.78192138671876,14968200,149.56607055664062,5194500,128.93890380859375,11261400,146.46812438964844,3989200,206.4509735107422,2716600
171.18240356445312,55962800,99.17274475097656,11187800,149.2259063720703,4994900,129.25009155273438,7484900,145.78285217285156,4950700,206.1630401611328,2414100
169.4755096435547,45326900,99.20002746582033,11370800,148.06747436523438,5520500,128.62774658203125,7343600,144.29029846191406,4472100,204.91525268554688,4111900
171.24159240722656,53724500,97.9275360107422,14884800,148.61907958984375,6756600,128.69374084472656,8133400,144.59068298339844,4754900,204.6080780029297,2446100
171.42904663085938,49514700,96.1551284790039,17165900,148.01231384277344,5867600,128.28826904296875,7057300,144.9286346435547,3495300,201.59420776367188,3263300
170.50035095214844,45533100,96.1460418701172,12613300,147.81919860839844,3904200,126.44952392578124,9988600,146.4024200439453,5252900,201.1238555908203,2172600
170.00631713867188,37266700,96.32940673828124,13715600,146.68836975097656,5104500,127.51504516601562,7639500,146.44935607910156,5414900,202.8035888671875,1925600
170.00631713867188,42110300,93.99152374267578,14795200,146.49530029296875,5599200,126.65699768066406,6477200,146.19590759277344,5591500,198.8778839111328,2771500
170.61886596679688,57951600,96.1001968383789,14064700,146.17352294921875,6840700,130.55133056640625,12711500,145.5763397216797,4286900,203.58106994628903,2897400
172.95059204101562,65496700,96.97116088867188,12005600,145.70462036132812,5173000,131.54144287109375,10999600,143.18263244628906,6997600,206.0958404541016,2643600
173.05923461914062,55809500,97.42041015625,13359600,146.09996032714844,6527100,131.23968505859375,13492200,143.7834014892578,4754100,206.15342712402344,4402100
172.11077880859375,43570900,96.23772430419922,12882000,145.3125762939453,5675900,130.1553192138672,11402500,140.01913452148438,7876200,205.654296875,2540600
169.50245666503906,50747300,97.54876708984376,14394400,145.25701904296875,5793000,128.79745483398438,9514900,138.5078125,6116000,204.16656494140625,2298300
169.7790985107422,45143500,98.63976287841795,16340300,145.11807250976562,5015100,127.6187744140625,8578000,137.36256408691406,5755400,201.2774353027344,2964000
170.91531372070312,56058300,96.8703155517578,14316500,143.03382873535156,6886100,127.9299545288086,8472500,136.48016357421875,6510300,201.54620361328125,2243600
173.32603454589844,54835000,96.23772430419922,12370300,142.97825622558594,6845400,129.12750244140625,8579900,136.4895477294922,4716400,203.29312133789065,1973900
175.17361450195312,55964400,95.38509368896484,11938000,142.99679565429688,5593100,129.61781311035156,7399900,134.4055938720703,5561000,201.4694366455078,2885900
175.1242218017578,99625300,93.6798095703125,24926100,143.6359100341797,11324600,127.96766662597656,14219900,133.76730346679688,19854800,197.48611450195312,5937000
177.93016052246094,68901800,94.76165008544922,13551900,143.1542510986328,7901300,129.7310028076172,12248100,135.13783264160156,6091100,200.6727752685547,2989100
178.77981567382812,61996900,96.9620132446289,14112000,145.4051971435547,7659700,132.4561004638672,12922500,137.54092407226562,6124400,217.5274810791016,8358200
177.42626953125,121946500,96.53109741210938,10628000,146.65576171875,6430500,131.1548614501953,8511900,136.99647521972656,4753700,213.53456115722656,3438400
177.0607147216797,64848400,97.3195571899414,12209800,146.5260772705078,5073600,131.3905792236328,9329500,135.6352996826172,4635900,217.5754547119141,3230100
175.68739318847656,61944600,99.5015640258789,16027100,146.84103393554688,6504300,132.66357421875,9281400,135.9263458251953,6194400,226.0891876220703,5586400
178.4044189453125,50214900,99.18984985351562,13517100,148.4528045654297,5818400,132.70127868652344,7368100,137.46583557128906,4863700,225.03338623046875,3546800
178.78970336914062,48900000,98.45640563964844,12251600,148.22125244140625,6264400,132.96530151367188,7249100,137.57847595214844,5569500,225.59007263183597,2488500
181.58575439453125,54274900,97.56710815429688,14112000,148.1193389892578,6510600,132.9558868408203,7596600,136.49893188476562,5354000,228.3448028564453,3644200
181.1115264892578,54929100,97.58544158935548,13533800,148.89744567871094,6066800,133.91769409179688,7701600,136.17039489746094,5321200,235.58197021484372,4335100
181.74383544921875,57462900,96.41192626953124,16627700,149.65707397460938,6699100,133.4179229736328,9068700,137.4470672607422,5693300,233.54714965820312,3122400
183.77914428710935,65433200,97.0811767578125,16224100,151.66717529296875,7138300,134.9266357421875,9343100,139.35264587402344,5863000,237.72239685058597,2743900
182.7022247314453,101256200,96.38440704345705,43128900,152.1303253173828,13426600,135.08694458007812,13813500,140.37583923339844,11244900,235.4188232421875,5261200
182.7911376953125,49799100,94.17489624023438,17514100,152.03770446777344,7995800,134.39859008789062,8428600,139.08041381835938,5340700,231.4642639160156,2979800
181.7537384033203,49515700,95.22923278808594,13285700,151.80612182617188,7177500,134.20054626464844,9926500,140.281982421875,4649700,231.781005859375,2892500
184.75726318359372,51245300,94.70664978027344,12455300,153.4179229736328,5485900,131.6168975830078,10075200,140.76071166992188,6666800,227.8072662353516,2421600
184.4411163330078,53117000,93.88151550292967,17933600,153.2882537841797,9450700,130.9285430908203,9919500,139.36203002929688,13843300,225.0237579345703,3354000
183.0480194091797,48088700,95.61429595947266,14283400,151.5745391845703,6978800,131.24916076660156,8429700,139.50283813476562,4353100,227.43296813964844,1748300
185.8045654296875,50730800,95.8526611328125,13227500,151.2595977783203,4927500,131.25857543945312,8154000,140.82644653320312,5445400,231.0227508544922,2283000
186.9803009033203,51216800,96.63194274902344,13084100,150.95391845703125,6780400,130.68336486816406,7558600,140.79827880859375,6733300,232.1553497314453,2200100
187.31622314453125,46347300,97.82379913330078,11364400,152.0099334716797,4547500,135.24725341796875,15423200,140.22567749023438,7343000,234.4301605224609,2070000
191.64366149902344,85213200,98.32806396484376,13544700,153.32530212402344,7580000,137.142578125,14212800,142.44102478027344,7058300,236.16748046875,2377900
190.1517791748047,31458200,98.52058410644533,7397000,151.31517028808594,4033700,138.2458038330078,8021600,143.15444946289062,3996100,237.39605712890625,1045700
189.03536987304688,46920300,98.01634979248048,12491200,150.81495666503906,7224600,137.32485961914062,8934900,142.91036987304688,8279800,234.99647521972656,1820600
189.50958251953125,45094300,94.35826110839844,17961400,149.69410705566406,6332500,135.9672088623047,9709500,142.67572021484375,7958300,230.91717529296875,3079700
188.39312744140625,46815000,94.57828521728516,21929200,147.51722717285156,7022200,137.04002380371094,8981500,139.6811981201172,9169500,235.3323974609375,2903900
186.3479766845703,59922200,95.98101806640624,14877600,147.75807189941406,5739200,137.80909729003906,9100100,139.737548828125,5529200,238.81661987304688,2771900
185.82432556152344,46638100,97.15453338623048,12576500,146.94293212890625,6606700,139.96429443359375,11260900,139.0053253173828,5150300,242.69436645507807,3293300
187.4940643310547,60750200,97.63127136230467,13238200,146.43345642089844,6940400,140.65736389160156,11323200,139.72811889648438,6764600,243.4142303466797,2986200
188.2548065185547,41342300,95.8434829711914,26826800,147.1096649169922,6401700,141.3409423828125,11234900,139.82200622558594,5561400,245.5834503173828,1949400
188.40306091308597,41616200,92.54297637939452,28181900,148.091552734375,5362200,142.19541931152344,27028400,140.85458374023438,6128900,245.3531036376953,1936800
191.6634521484375,50520200,92.94636535644533,18051300,147.35047912597656,5486800,145.6228485107422,17262400,139.8595733642578,4625300,247.11917114257807,2674500
191.4065704345703,48288200,92.5246353149414,24617800,147.3412322998047,6332500,145.88868713378906,13491700,140.1223907470703,5351200,253.2141265869141,3832400
192.7601318359375,80507300,93.16641235351562,15556500,147.04481506347656,7522600,146.4488525390625,12510000,141.07986450195312,6203600,253.44566345214844,2771900
190.81375122070312,59581200,94.8074951171875,15740200,155.97459411621094,21892900,148.25274658203125,9935900,142.2238311767578,6445400,251.84445190429688,2102300
189.63803100585935,71951700,95.24755859375,17121500,157.65122985839844,12080000,147.1134490966797,10636400,144.4626007080078,9938400,248.5262451171875,2249900
190.43833923339844,45377800,96.74195861816406,15090900,158.47567749023438,15155400,150.00918579101562,14381400,144.92550659179688,5549500,250.18533325195312,2195300
191.29786682128903,37283200,96.88866424560548,14116100,159.68917846679688,13790100,148.8888702392578,9944700,145.26556396484375,5883800,252.78009033203125,2016600
192.16732788085935,47471900,96.34774017333984,15159600,159.99484252929688,14288200,149.7813262939453,8728600,145.41668701171875,7013800,249.17254638671875,2622800
190.9026641845703,47460200,96.65029907226562,17677900,160.8933868408203,12446400,148.12933349609375,10778400,143.6880340576172,7191600,249.15321350097656,2284400
193.4813690185547,48291400,95.49510192871094,17566400,161.62515258789062,14138800,148.9743194580078,9103800,147.7499237060547,9397300,251.207763671875,2101200
194.0939483642578,38824100,98.31887817382812,24197000,155.18724060058594,22632700,149.9712371826172,8892700,147.6460418701172,7955200,255.7799835205078,3568700
193.26402282714844,35175100,97.7504653930664,14177400,156.44700622558594,15810300,149.23065185546875,6853900,147.5988006591797,5718800,278.42852783203125,11823200
190.27035522460935,50389300,96.53109741210938,13484100,157.39186096191406,14595600,147.5406951904297,8299400,147.91995239257812,5636000,277.38677978515625,6288300
188.8772735595703,61235200,98.20886993408205,16280400,158.0680694580078,17424800,148.44264221191406,6084000,148.30726623535156,5792700,271.4834899902344,4743500
179.807373046875,115956800,98.48391723632812,14279600,156.58595275878906,23415100,148.12933349609375,6209400,146.6824951171875,4785900,266.6508483886719,3888200
176.70504760742188,97576100,98.2822036743164,12410800,160.3468475341797,17736400,148.8319091796875,7251800,148.23171997070312,4107400,271.6763610839844,2438200
177.6436309814453,67823000,98.76811981201172,14065600,160.4209442138672,27378700,147.9964141845703,8623400,148.3922882080078,4625500,272.8724975585937,2519500
176.05294799804688,60378500,100.4458999633789,19919600,160.31906127929688,42974400,146.01211547851562,6277800,148.20333862304688,4293200,274.4544372558594,3088600
175.8355712890625,54686900,100.95930480957033,15837200,159.48536682128906,48213800,145.79373168945312,5995100,147.46653747558594,4307800,273.7695617675781,2647100
175.89491271972656,52036700,102.5270538330078,14047000,161.0415802001953,45905600,146.63873291015625,5180700,148.32614135742188,3862300,275.1199645996094,1874100
177.54713439941406,43675600,102.60956573486328,12973400,160.6618194580078,64036900,146.94256591796875,5044300,147.1642608642578,4297600,274.4640808105469,2194000
175.55857849121094,43622600,99.97523498535156,14909600,160.19863891601562,88958100,143.2018280029297,10300300,146.21963500976562,6921100,267.5479431152344,2593600
174.68795776367188,46964900,98.29296112060548,13695100,159.68917846679688,85832700,142.59420776367188,6978200,144.72711181640625,6356800,264.7892150878906,2831300
172.1453399658203,66062900,100.19707489013672,16709500,161.18980407714844,70904200,141.11306762695312,9953900,143.6880340576172,6419500,265.4258728027344,2534700
172.630126953125,61172200,101.71297454833984,16224000,159.78179931640625,49631700,141.4359130859375,8517500,144.09420776367188,5448200,264.10430908203125,2533000
173.96572875976562,46311900,100.4835968017578,11092400,155.02047729492188,151319500,141.9200897216797,8327000,143.36683654785156,4504700,263.0915832519531,2207400
175.34091186523438,42038900,99.9197769165039,10518800,153.7884521484375,56834800,138.9768829345703,9673300,143.42352294921875,4195600,260.6318664550781,1668800
179.18943786621094,52722800,99.04165649414062,11435600,152.40826416015625,119011400,139.91680908203125,7858000,144.76487731933594,4522500,263.36163330078125,1677800
174.49998474121094,54945800,98.30218505859376,10818500,152.92698669433594,70755100,139.7838592529297,6534000,144.09420776367188,4088900,259.7637634277344,1433600
176.70619201660156,51449600,100.05842590332033,13579300,155.11964416503906,18185500,139.6129913330078,6695500,145.03884887695312,3541500,262.90826416015625,1291700
178.2693634033203,43820700,100.89955139160156,10382100,153.29086303710938,18458000,140.0972137451172,5094100,145.26556396484375,3614700,265.059326171875,1550700
182.157470703125,53003900,101.50037384033205,9665000,153.3094940185547,12208600,141.2364959716797,6337000,145.3505859375,4034600,270.1137084960937,2065800
185.64984130859372,60813900,102.48939514160156,11922100,152.7683563232422,9939100,140.66683959960938,6277300,145.51116943359375,3712200,272.3323059082031,1431000
185.86749267578125,60794500,102.77593231201172,17479800,150.85560607910156,15333000,138.92941284179688,10933900,145.79454040527344,5451400,271.1748046875,2579000
187.4405670166016,45766500,104.92961120605467,14843500,149.73593139648438,8610100,139.39462280273438,7903500,145.9551544189453,4126300,276.1135559082031,2336600
187.677978515625,45280000,104.9388656616211,18304000,149.92254638671875,9019800,137.85653686523438,7854700,143.999755859375,5097000,271.6571044921875,2515600
180.9603729248047,81755800,105.8447036743164,13325500,147.43130493164062,9753800,137.62867736816406,8629200,143.71633911132812,3877400,272.8821105957031,1688900
175.66737365722656,112488800,105.32707214355467,13248500,149.3160858154297,9931800,136.45140075683594,8373700,145.08609008789062,4824800,271.4641418457031,1593200
176.28077697753906,65551300,106.8614730834961,14283200,149.8105926513672,6957000,136.55581665039062,7107900,144.4626007080078,3384700,272.2840881347656,1240100
177.44821166992188,58953100,105.5211944580078,14383600,151.7699737548828,6309300,137.1539764404297,6854200,146.18185424804688,4288500,272.06219482421875,1515300
174.42083740234375,90370200,108.59918975830078,20145800,152.62840270996094,6045800,138.9388885498047,8363200,143.61245727539062,4537800,271.8306884765625,1587300
172.3531036376953,84267900,107.628662109375,13472800,153.0109405517578,7397500,139.00535583496094,8325900,144.61376953125,4040600,266.1493225097656,2119300
173.86679077148438,60895800,109.55126190185548,15210700,152.77767944335938,7758400,141.70172119140625,10034900,146.2007598876953,4606800,272.5541687011719,2660500
173.1445770263672,109259500,107.86898040771484,34568400,150.64100646972656,13392100,141.28396606445312,19863400,144.97271728515625,10262400,269.264892578125,4940900
176.07298278808594,67257600,108.7378387451172,14045300,151.59271240234375,5789000,141.5782928466797,6512400,145.52059936523438,3536500,270.9914855957031,1363200
177.1613006591797,51826900,108.45130920410156,12562900,151.3407745361328,5550800,141.3979034423828,7943400,145.09552001953125,4704200,269.7665405273437,2313500
173.6194610595703,58436200,107.5916748046875,11879900,152.0032501220703,3837400,140.79978942871094,7332000,144.97271728515625,5446400,268.74395751953125,2380300
172.07606506347656,63149100,106.0757827758789,14400600,150.83694458007812,4526700,139.6984405517578,8052400,143.71633911132812,5096400,262.39703369140625,2277600
172.92689514160156,56725400,106.24217224121094,13197300,149.75462341308594,4976700,138.3597412109375,7071700,143.18736267089844,6327000,263.3905944824219,1707800
174.20318603515625,46172700,107.4345703125,11316000,149.53067016601562,6722500,139.04331970214844,7044700,142.31829833984375,5527000,264.5577392578125,1257400
170.12710571289062,64588900,107.60093688964844,11805400,148.37367248535156,4904800,137.60020446777344,7468400,141.05250549316406,6366500,259.9758605957031,1756400
168.61337280273438,66921800,111.10413360595705,23976200,146.59156799316406,10211600,138.4072265625,6717800,139.18211364746094,5403700,263.05291748046875,1991600
168.87063598632812,56294400,110.42937469482422,16808100,146.37698364257812,7861900,140.1256866455078,8868100,138.23751831054688,6237100,266.4579162597656,1994700
169.38507080078125,51861100,108.6823959350586,18813600,145.32260131835938,7680700,137.68563842773438,11917800,137.7840576171875,6683300,263.33270263671875,2257800
171.89801025390625,52164500,106.87995147705078,14395000,144.76278686523438,7259700,136.49888610839844,9170600,137.15118408203125,5153800,262.0980224609375,1778200
170.5623779296875,49594600,107.06481170654295,13297100,144.9400634765625,5740800,135.4924774169922,9431100,137.4345703125,4670600,259.4454040527344,2187900
171.80897521972656,53020300,103.06246948242188,19622200,145.10801696777344,4955200,136.10012817382812,8128700,137.88796997070312,4727800,255.6449432373047,2970100
173.0456085205078,48527900,100.74241638183594,20128800,146.6195526123047,5993300,136.67398071289062,8576200,135.838134765625,5205700,251.5647125244141,2639300
175.59812927246094,57266700,99.06015014648438,25367500,147.0860595703125,5802200,138.77813720703125,10270600,136.112060546875,7406700,256.6191711425781,2293400
177.0821533203125,42390800,102.5263671875,22369900,147.9258270263672,4414100,138.46250915527344,6964900,135.42247009277344,5062200,261.6929016113281,1640800
176.488525390625,43698000,102.09192657470705,13892000,147.75787353515625,5273500,139.3041534423828,11288800,136.7638702392578,5988900,263.53521728515625,2009000
177.88352966308594,47551100,98.43161010742188,57939000,145.7238006591797,6922900,139.78236389160156,8698200,135.0823974609375,5469100,263.1686706542969,1538200
178.78384399414062,56743100,98.41311645507812,31183000,145.86376953125,5792400,139.45718383789062,10484400,135.38470458984375,5965600,260.062744140625,1910500
176.9436492919922,51427100,101.55583190917967,30276500,146.34896850585938,5359800,141.55178833007812,29427000,136.6788330078125,7078900,258.4518737792969,1918300
176.81504821777344,52517000,101.62976837158205,18452000,146.9834442138672,6408100,141.4083251953125,12663500,137.98245239257812,6509800,261.200927734375,1678600
175.26174926757812,57549400,102.96080780029295,19775400,145.6398468017578,12244400,141.10223388671875,11482700,138.16192626953125,6160100,262.9950561523437,2110100
173.96572875976562,54764400,104.40275573730467,23380300,142.50477600097656,9097300,139.55284118652344,9620300,141.72317504882812,10508500,250.04063415527344,4257100
173.58978271484375,59302900,104.46746063232422,20972500,142.12225341796875,7733800,138.95985412597656,11143600,140.92564392089844,8146000,243.93479919433597,3850000
171.03729248046875,64244000,102.67426300048828,22445300,142.7567138671875,7207000,136.72178649902344,13332900,140.7355194091797,7284200,241.61753845214844,3103500
171.15599060058594,55980100,101.16759490966795,18185000,141.2545166015625,5874000,134.8567657470703,10133400,140.83056640625,5981800,239.7947540283203,3193200
171.59133911132812,43816600,100.18782043457033,16786100,141.10520935058594,6155300,135.0193634033203,8881400,142.49411010742188,6322000,241.95689392089844,2304600
169.27626037597656,57157000,100.3726806640625,22047300,141.42247009277344,5880800,134.28289794921875,8242600,143.1595458984375,6172900,237.4871826171875,2542400
165.1111297607422,70625300,99.45761108398438,18768300,139.02452087402344,7612500,134.627197265625,9109400,142.3990478515625,7582100,235.05352783203125,3859200
166.42697143554688,58499100,97.56272888183594,23092000,135.85218811035156,11385800,129.77809143066406,17434700,139.88949584960938,8131800,231.30130004882807,3229900
168.474853515625,51131000,97.86775970458984,19379900,137.18641662597656,8205300,131.43272399902344,9855500,141.8857421875,5412800,234.7917633056641,4478300
168.94976806640625,44846000,97.84002685546876,22185200,138.40872192382812,7576900,133.00128173828125,9672500,142.61769104003906,6762100,219.17190551757807,12093300
172.11566162109375,56934900,97.64591979980467,28984900,138.7352752685547,5733000,132.8865203857422,9432000,142.21844482421875,5896900,224.77606201171875,4932800
175.67730712890625,77334800,100.85333251953124,25212700,140.1815185546875,5349100,135.2584228515625,10186200,143.95803833007812,5859200,231.84423828125,7749900
174.76705932617188,79829200,99.62398529052734,30555600,141.2078857421875,4926800,136.76962280273438,9538700,142.65570068359375,6587700,233.42465209960935,3929500
177.319580078125,63841300,97.85850524902344,19097300,141.54376220703125,4851400,137.80258178710938,7625100,143.48272705078125,6480800,231.02980041503903,2891500
179.8820037841797,70530000,96.32413482666016,20272500,140.79730224609375,4840400,137.73561096191406,6297900,143.1500244140625,6003800,227.7720642089844,4074000
180.94058227539065,49340300,95.14100646972656,19184100,140.28414916992188,5460000,138.41468811035156,7618200,142.59866333007812,4832600,227.67510986328125,2532500
180.4656982421875,53763500,95.16873168945312,18380500,137.55032348632812,6973600,138.00340270996094,7992500,142.92189025878906,6581500,227.02545166015625,2708800
184.65611267089844,66133400,95.8989486694336,17825500,137.39170837402344,6930700,140.05015563964844,7983300,143.92950439453125,5387200,232.38720703125,2525200
183.0710906982422,43627500,96.90646362304688,15308400,137.74624633789062,5889300,139.42849731445312,6676300,144.92764282226562,6297500,234.316650390625,3035700
185.68638610839844,60108400,97.2795867919922,18260500,137.7742462158203,6713600,141.97259521484375,9927700,144.60443115234375,7982600,240.31832885742188,3441800
186.2510681152344,53790500,96.6919174194336,20137600,138.837890625,6729100,143.21597290039062,8365300,143.9390411376953,7672600,243.4500274658203,3739900
187.9351501464844,54412900,95.57258605957033,22469100,140.05088806152344,6875600,144.8514404296875,8126200,145.2793426513672,7590500,240.6576690673828,2625000
187.91531372070312,50922700,97.904541015625,22984900,139.76162719726562,7023300,146.16177368164062,7812400,143.60633850097656,8495600,245.3697662353516,2792500
189.6588897705078,46505100,97.4754638671875,17458800,140.99371337890625,8851700,146.61129760742188,7019000,142.84584045410156,6856500,242.8294982910156,2661400
188.8564453125,38134500,97.43815612792967,14989000,142.13174438476562,5916300,146.3052215576172,7083500,142.21844482421875,7310400,241.82115173339844,1765500
189.5201873779297,39617700,97.01840209960938,18072000,141.84959411621094,4633500,146.64955139160156,5174500,143.55877685546875,4372700,238.52459716796875,3593700
188.19271850585935,24048300,97.54074096679688,9480800,143.42967224121094,3351400,146.8503875732422,3496900,143.90098571777344,2132500,239.83352661132807,982200
188.014404296875,40552600,96.97175598144533,18013500,142.2822265625,6449700,146.51565551757812,6259100,143.76792907714844,6021300,239.86260986328125,1743300
188.61868286132807,38415400,96.9157943725586,20629500,142.61143493652344,5909000,146.8503875732422,6582700,144.7660369873047,6110400,239.96925354003903,2149900
187.5983123779297,43014200,95.4606475830078,26802100,143.06285095214844,5190000,147.59640502929688,9126100,143.66334533691406,5342700,241.85992431640625,2224700
188.17291259765625,48794400,95.8337631225586,29254700,145.461181640625,12481900,149.2797393798828,9869800,145.9352569580078,9771300,243.0912933349609,3210500
189.4508514404297,45704800,96.06697082519533,17845300,148.9599609375,10342900,150.00662231445312,8916000,145.1177520751953,5685400,248.947509765625,3731500
187.6577606201172,43389500,95.54461669921876,21523900,149.4302215576172,8920300,151.1065216064453,9607500,144.5474090576172,6578300,246.9986572265625,3028700
191.6104431152344,66628400,93.68838500976562,22250300,149.1198272705078,7268200,151.08740234375,9135600,139.50921630859375,11895800,247.42526245117188,2682200
190.520751953125,41089700,92.4477767944336,31154800,147.3046112060547,6642900,149.4997100830078,9366000,139.40469360351562,7610000,248.1815643310547,3632600
192.4524688720703,47477700,91.80416107177734,29990700,146.1571807861328,6532400,149.9588165283203,8130900,139.26211547851562,6119600,249.5777282714844,2162500
193.8790283203125,53406400,92.8582000732422,22074900,145.2354736328125,6254700,151.61341857910156,7369400,137.97877502441406,6385300,251.60415649414065,3258200
191.37266540527344,60943700,92.92349243164062,22252300,145.83741760253906,6090400,152.16818237304688,8093900,138.61570739746094,8471200,252.98092651367188,2898300
192.8883819580078,52696900,91.45903778076172,26084000,145.84681701660156,5324400,153.52630615234375,10223000,138.7297821044922,6069200,253.47543334960935,2375700
196.10797119140625,70404200,92.27054595947266,19915400,146.5240020751953,10764600,154.04275512695312,12379100,141.2393341064453,9055500,259.81640625,3708300
196.25656127929688,66831600,94.75174713134766,26165700,147.53973388671875,9240700,156.84512329101562,13643000,137.51300048828125,10565200,276.4930419921875,6464100
195.7216339111328,128538400,94.1174545288086,55527000,145.9314727783203,21727800,158.0310821533203,20309300,136.84759521484375,14550000,277.04571533203125,7321200
194.05735778808597,55751900,94.81705474853516,21610400,146.19480895996094,7231400,158.98748779296875,8469600,138.94839477539062,8421800,277.0166320800781,2691700
